date,combo,ic,top50_abs,top50_exc
20240805,wu_a(기존),-0.060435224981292314,11.807852684580277,3.403771194184324
20240805,wu_b(기존),-0.12495455894537753,6.766191634507467,-1.6378898558884878
20240805,c1_wu_a+max5,-0.0036552101791558745,11.052366167878393,2.648284677482437
20240805,c2_max5대체lv,-0.02715702447949678,12.16783950852468,3.763758018128724
20240805,c3_up추가,-0.09396520740773769,9.80591615661911,1.401834666223156
20240805,c4_질모멘텀,-0.0416472080042848,11.119996321091921,2.7159148306959655
20240903,wu_a(기존),0.016006313953546156,-2.5717657950499015,-1.0125691777137458
20240903,wu_b(기존),-0.0582727303379385,1.4561410035669358,3.015337620903092
20240903,c1_wu_a+max5,0.036224117503680764,-2.9980663934113663,-1.4388697760752112
20240903,c2_max5대체lv,0.02020720144989122,-2.5823783476405064,-1.0231817303043504
20240903,c3_up추가,-0.019114297911577746,-1.0538045466429147,0.5053920706932409
20240903,c4_질모멘텀,0.01262541164976047,-2.6123306700681983,-1.053134052732043
20241008,wu_a(기존),0.23598808004402805,3.1371711873594386,7.765248714860752
20241008,wu_b(기존),0.14996353041517727,-2.4625224189431845,2.1655551085581277
20241008,c1_wu_a+max5,0.28451944907621346,2.5163778090627695,7.144455336564081
20241008,c2_max5대체lv,0.24622492379349792,3.189569896651375,7.817647424152687
20241008,c3_up추가,0.1690252880695373,3.133042370560974,7.761119898062284
20241008,c4_질모멘텀,0.25829698827726855,1.7505330667218746,6.378610594223187
20241106,wu_a(기존),0.2309511867328654,0.5116277488832239,9.105572296242698
20241106,wu_b(기존),0.14105277600613436,-10.577815842908924,-1.9838712955494497
20241106,c1_wu_a+max5,0.24393195854230457,0.8178512525191657,9.41179579987864
20241106,c2_max5대체lv,0.19520794605081482,0.2071808067850694,8.801125354144544
20241106,c3_up추가,0.1518117420765673,-2.8302087931112965,5.763735754248176
20241106,c4_질모멘텀,0.21528806730963124,0.18887607161634576,8.78282061897582
20241204,wu_a(기존),-0.18021453635643753,-3.841269300165399,-6.741647610379768
20241204,wu_b(기존),-0.1690699846337395,1.7225633327888576,-1.1778149774255116
20241204,c1_wu_a+max5,-0.1594842347835162,-2.660679138373269,-5.561057448587638
20241204,c2_max5대체lv,-0.17169499914523623,-3.0357994939978346,-5.936177804212203
20241204,c3_up추가,-0.17805639247541347,0.3734719894497679,-2.526906320764601
20241204,c4_질모멘텀,-0.1865054111163849,-3.4560382535157492,-6.356416563730119
20250106,wu_a(기존),0.12365048557238456,3.7300362007347014,5.2591323822341085
20250106,wu_b(기존),0.0670051241190345,3.652620307950808,5.1817164894502135
20250106,c1_wu_a+max5,0.1356648088608453,3.951072723384773,5.480168904884178
20250106,c2_max5대체lv,0.11993676611233144,4.505677075924458,6.034773257423866
20250106,c3_up추가,0.14722527694489537,4.751183931153598,6.280280112653003
20250106,c4_질모멘텀,0.1650961827468365,3.261643742691177,4.790739924190582
20250207,wu_a(기존),0.1774287965573803,3.252436833615116,4.826413748620364
20250207,wu_b(기존),0.06318211179150555,3.7024383345547434,5.276415249559991
20250207,c1_wu_a+max5,0.24124375804702788,-0.10202572782459907,1.4719511871806492
20250207,c2_max5대체lv,0.18344764197375193,1.5711959719752835,3.1451728869805327
20250207,c3_up추가,0.038361168603709986,0.1415482373994271,1.7155251524046755
20250207,c4_질모멘텀,0.11903518296931904,0.4004049018310553,1.974381816836304
20250310,wu_a(기존),0.13624594436353407,-7.077355866180821,4.809436586649364
20250310,wu_b(기존),0.13092794808617114,-11.40268056799047,0.48411188483971335
20250310,c1_wu_a+max5,0.1805813972846527,-5.106339633451551,6.780452819378635
20250310,c2_max5대체lv,0.13754734041385344,-5.688925366507557,6.197867086322629
20250310,c3_up추가,0.05630648382807849,-12.754684909185324,-0.8678924563551397
20250310,c4_질모멘텀,0.11698647633021539,-8.3584525258892,3.5283399269409856
20250407,wu_a(기존),-0.05160917988479086,11.826359003481102,0.35298010778134115
20250407,wu_b(기존),-0.07073134539091284,9.44639784124674,-2.0269810544530182
20250407,c1_wu_a+max5,0.015572148208323889,11.81657762612572,0.343198730425962
20250407,c2_max5대체lv,0.029470770852672374,12.378637961180418,0.9052590654806582
20250407,c3_up추가,-0.06062574155870213,12.171280169048087,0.6979012733483276
20250407,c4_질모멘텀,-0.019378288508131242,14.237557987978029,2.7641790922782676
20250508,wu_a(기존),0.27198911887368177,13.689504646365013,10.479082862013366
20250508,wu_b(기존),0.10723324319500092,13.269455428761784,10.059033644410137
20250508,c1_wu_a+max5,0.2892927379323604,9.300038438008883,6.089616653657236
20250508,c2_max5대체lv,0.24460995451305645,9.725756768163922,6.5153349838122745
20250508,c3_up추가,0.20067194421261225,16.748192911675233,13.537771127323586
20250508,c4_질모멘텀,0.26795333660965037,13.605568156322738,10.395146371971093
20250609,wu_a(기존),0.22740998380185592,5.673918791874152,6.287679179216223
20250609,wu_b(기존),0.04053257418522871,3.4559018286562027,4.0696622159982745
20250609,c1_wu_a+max5,0.2278935923452257,5.981059315625324,6.5948197029673965
20250609,c2_max5대체lv,0.1746591106623335,6.872081633488811,7.485842020830882
20250609,c3_up추가,0.18275467352417632,6.57631020223615,7.190070589578223
20250609,c4_질모멘텀,0.25768838269029787,7.999472418893281,8.613232806235354
20250707,wu_a(기존),0.1116457914616448,-1.7828190648295044,1.9397784238779647
20250707,wu_b(기존),0.016348080483096526,-0.1561338390641285,3.56646364964334
20250707,c1_wu_a+max5,0.14219104919608122,-0.7743990613444136,2.9481984273630553
20250707,c2_max5대체lv,0.12646933657813716,-0.09489338509721904,3.6277041036102498
20250707,c3_up추가,0.06561359988606175,0.18446596604357013,3.907063454751039
20250707,c4_질모멘텀,0.1278865722686903,0.6366860375260933,4.359283526233562
20250804,wu_a(기존),0.1009942794297824,1.5309520244329677,3.985842869209837
20250804,wu_b(기존),0.02381837391331955,6.121756614003013,8.576647458779881
20250804,c1_wu_a+max5,0.08651226596428807,-0.25474595482624274,2.2001448899506264
20250804,c2_max5대체lv,0.05571846041037396,-0.7308908417973431,1.724000002979526
20250804,c3_up추가,0.06549057342674076,5.076173497389467,7.531064342166337
20250804,c4_질모멘텀,0.088412873901728,-0.437017554953604,2.0178732898232656
20250902,wu_a(기존),0.08848656279917184,1.9155743603682014,1.3203362651301083
20250902,wu_b(기존),0.019812516914709633,6.497906786169136,5.902668690931042
20250902,c1_wu_a+max5,0.0874557047416053,-1.1821258823046479,-1.7773639775427406
20250902,c2_max5대체lv,0.08140159905983514,1.9214458815796034,1.3262077863415098
20250902,c3_up추가,0.08793260666430096,6.318430843558235,5.723192748320142
20250902,c4_질모멘텀,0.12444733876378375,2.227027387119681,1.6317892918815877
20250930,wu_a(기존),0.1972231704364225,7.264025014512065,7.9320620134843205
20250930,wu_b(기존),0.0638925342894403,16.5875193274105,17.255556326382756
20250930,c1_wu_a+max5,0.16650050186594292,2.728349073121365,3.3963860720936196
20250930,c2_max5대체lv,0.17447045788479554,6.591387476666309,7.259424475638564
20250930,c3_up추가,0.21831247611651802,17.56762345389043,18.23566045286269
20250930,c4_질모멘텀,0.262818876707771,7.661643929431859,8.329680928404114
20251104,wu_a(기존),0.12679354850583074,1.521375898943522,3.8604433279656063
20251104,wu_b(기존),-0.03591031504391238,-6.8254681706243,-4.486400741602216
20251104,c1_wu_a+max5,0.21226166732009244,7.9201255708332,10.259192999855284
20251104,c2_max5대체lv,0.11841341254183091,4.539329436597969,6.8783968656200525
20251104,c3_up추가,-0.003356925701767155,-2.8020527357655554,-0.46298530674347094
20251104,c4_질모멘텀,0.1425477302619383,4.344366967817994,6.683434396840079
20251202,wu_a(기존),0.013360652360289979,0.21182943807020127,1.2318778432286035
20251202,wu_b(기존),0.07460469809958864,3.5406925545691825,4.5607409597275845
20251202,c1_wu_a+max5,0.030509099988740348,0.48761816636958666,1.5076665715279889
20251202,c2_max5대체lv,0.06118787418541083,4.519818250306742,5.539866655465146
20251202,c3_up추가,0.05049786924400718,4.906770527828406,5.926818932986808
20251202,c4_질모멘텀,0.026069805603291366,1.3670433045371626,2.3870917096955653
20260102,wu_a(기존),0.26918249409738715,18.29153459267145,11.764860041331366
20260102,wu_b(기존),0.26534802374648686,24.264884937105975,17.738210385765896
20260102,c1_wu_a+max5,0.21309812653918747,10.286304102991672,3.7596295516515874
20260102,c2_max5대체lv,0.2934533281703759,15.90317327485807,9.376498723517985
20260102,c3_up추가,0.33321715039345007,25.225923484647513,18.699248933307434
20260102,c4_질모멘텀,0.2759133568537831,13.298262584561503,6.771588033221421
20260130,wu_a(기존),0.35831566740815973,8.089506729366603,14.215334543936146
20260130,wu_b(기존),0.21976856289245056,4.300719166409551,10.42654698097909
20260130,c1_wu_a+max5,0.39646670019674946,8.61092300161863,14.736750816188168
20260130,c2_max5대체lv,0.3302081625599308,7.442214926485405,13.568042741054944
20260130,c3_up추가,0.23684802090049326,1.1199837401409096,7.245811554710449
20260130,c4_질모멘텀,0.3164838759204541,6.311250069392621,12.437077883962159
20260305,wu_a(기존),-0.0178408478479635,-3.326354166483962,0.7345670710904223
20260305,wu_b(기존),-0.08511645552750617,-0.4951700424335394,3.5657511951408445
20260305,c1_wu_a+max5,0.03493965346183309,-2.785565842621228,1.2753553949531555
20260305,c2_max5대체lv,-0.04033625498426791,-2.5491546160953176,1.5117666214790666
20260305,c3_up추가,-0.09264681291016766,-1.010709906284162,3.050211331290222
20260305,c4_질모멘텀,0.00393102797477254,-1.2266528659008094,2.834268371673574
20260402,wu_a(기존),0.03544671929475637,15.47487615473491,3.4235941034528548
20260402,wu_b(기존),0.09396857762349374,22.380311534409067,10.329029483127018
20260402,c1_wu_a+max5,-0.021534279482695245,6.888906275160337,-5.162375776121717
20260402,c2_max5대체lv,0.01862809953744173,14.389725131589268,2.3384430803072145
20260402,c3_up추가,0.12579880569635554,26.972964941901424,14.921682890619367
20260402,c4_질모멘텀,0.04052903483134977,10.835252897403123,-1.2160291538789312
20260430,wu_a(기존),0.3161133639407452,3.7885353516992732,24.597783906612573
20260430,wu_b(기존),0.14613701816892463,4.951154508138116,25.760403063051413
20260430,c1_wu_a+max5,0.3528605164588099,-4.38404139687004,16.425207158043253
20260430,c2_max5대체lv,0.31553811954480343,0.2916576913040595,21.100906246217356
20260430,c3_up추가,0.21656365859217516,5.881995416917323,26.691243971830623
20260430,c4_질모멘텀,0.2912625148689395,-5.100859459184204,15.708389095729094
20260602,wu_a(기존),0.24285597095752912,-5.781867788988635,4.825753220280162
20260602,wu_b(기존),0.04538431992545974,-4.40821016206563,6.1994108472031675
20260602,c1_wu_a+max5,0.3499618224497776,-2.7585883257435637,7.849032683525234
20260602,c2_max5대체lv,0.21343695998676057,-4.685203087235405,5.922417922033393
20260602,c3_up추가,0.05190226142521381,-7.612508904722569,2.9951121045462297
20260602,c4_질모멘텀,0.25253067298514303,-4.6615658791977275,5.946055130071071
