anchor,rate,n,mk20
20240717,0.007662835249042145,1305,-6.339446112296687
20240718,0.007668711656441718,1304,-4.395243653341108
20240719,0.010015408320493066,1298,-6.184235930109083
20240722,0.012326656394453005,1298,-2.7803842165045167
20240723,0.00539291217257319,1298,-3.9710880165492735
20240724,0.006971340046475601,1291,-5.00828983727356
20240725,0.006201550387596899,1290,-3.0139597887845038
20240726,0.0038550501156515036,1297,-3.858016951702692
20240729,0.002320185614849188,1293,-5.326798598992555
20240730,0.0022988505747126436,1305,-5.135733658463759
20240731,0.004542013626040878,1321,-5.865653987424513
20240801,0.003808073115003808,1313,-5.638390716998765
20240802,0.006854531607006854,1313,-1.2985513197233511
20240805,0.017964071856287425,1336,9.994502951047334
20240806,0.008178438661710037,1345,-0.15282382960143392
20240807,0.008988764044943821,1335,-3.107382371015577
20240808,0.008245877061469266,1334,-5.1913374838986615
20240809,0.0052750565184626974,1327,-6.536896772758771
20240812,0.003014318010550113,1327,-8.608551609897496
20240813,0.0044943820224719105,1335,-7.248385325419038
20240814,0.002245508982035928,1336,-5.895755828173488
20240816,0.0030188679245283017,1325,-6.756705200106827
20240819,0.006726457399103139,1338,-4.882503504958391
20240820,0.006024096385542169,1328,-4.966727623691969
20240821,0.00830188679245283,1325,-3.1736058573864856
20240822,0.0075815011372251705,1319,-0.791239479229966
20240823,0.007593014426727411,1317,-1.8053436101699294
20240826,0.011467889908256881,1308,1.6158270191316992
20240827,0.00844205679201842,1303,1.2471403359696653
20240828,0.008403361344537815,1309,0.18098360655738333
20240829,0.008422664624808576,1306,0.8055129358235158
20240830,0.007692307692307693,1300,0.17195112419561287
20240902,0.008520526723470178,1291,1.5340414191183038
20240903,0.010408326661329063,1249,2.350171626971087
20240904,0.012165450121654502,1233,5.97608472839084
20240905,0.013776337115072933,1234,6.301014780498582
20240906,0.020850040096230954,1247,9.010883256202318
20240909,0.01952807160292921,1229,8.30697309856394
20240910,0.0163265306122449,1225,8.438119512885866
20240911,0.018760195758564437,1226,7.843026697865851
20240912,0.0074503311258278145,1208,3.0354431418683214
20240913,0.010842368640533779,1199,3.6483906164757274
20240919,0.008361204013377926,1196,-0.15821287068463752
20240920,0.009189640768588136,1197,-0.41960097817806963
20240923,0.007481296758104738,1203,-2.718773175124478
20240924,0.007550335570469799,1192,-5.204926044178027
20240925,0.009174311926605505,1199,-2.478598709337543
20240926,0.008285004142502071,1207,-4.491901742857873
20240927,0.010743801652892562,1210,-4.686955286704797
20240930,0.007456503728251864,1207,-2.725558988322785
20241002,0.00831255195344971,1203,-4.340466849487623
20241004,0.007481296758104738,1203,-1.9376316679237449
20241007,0.00825082508250825,1212,-3.7387485435525836
20241008,0.007462686567164179,1206,-4.4883326480263275
20241010,0.006606110652353427,1211,-5.410842317016562
20241011,0.008264462809917356,1210,-3.579859399725027
20241014,0.010788381742738589,1205,-5.3774050320670845
20241015,0.00825082508250825,1212,-8.179010351378246
20241016,0.008203445447087777,1219,-9.942673578918503
20241017,0.007352941176470588,1224,-10.914176665882414
20241018,0.009836065573770493,1220,-9.001354186028
20241021,0.011494252873563218,1218,-9.263767353115348
20241022,0.011428571428571429,1225,-7.072622369098247
20241023,0.009795918367346938,1225,-8.35760007514863
20241024,0.008176614881439084,1223,-7.340148926612134
20241025,0.009819967266775777,1222,-6.928692209345488
20241028,0.009075907590759076,1212,-5.894824978392387
20241029,0.00914380714879468,1203,-6.85721196484721
20241030,0.01256281407035176,1194,-6.257196656687314
20241031,0.01345668629100084,1189,-6.549942131187247
20241101,0.01423785594639866,1194,-6.976201906590751
20241104,0.013377926421404682,1196,-10.375556970082755
20241105,0.013389121338912133,1195,-8.115082268126251
20241106,0.007525083612040134,1196,-8.900727825537125
20241107,0.008375209380234505,1194,-8.531464718071756
20241108,0.008403361344537815,1190,-11.037423659501188
20241111,0.006756756756756757,1184,-13.97151638219637
20241112,0.009212730318257957,1194,-6.886505657828068
20241113,0.015113350125944584,1191,-1.9908649314869908
20241114,0.018363939899833055,1198,0.2626327836140696
20241115,0.023391812865497075,1197,1.2123953196580217
20241118,0.02321724709784411,1206,1.3022986005365889
20241119,0.02331390507910075,1201,1.2169882819331956
20241120,0.023549201009251473,1189,2.146695757859751
20241121,0.021922428330522766,1186,0.5421129181541806
20241122,0.017811704834605598,1179,-1.2850622590508287
20241125,0.01517706576728499,1186,-2.5242885639252033
20241126,0.015939597315436243,1192,-1.8812666810935519
20241127,0.010815307820299502,1202,-2.3641618497109884
20241128,0.010806317539484621,1203,-4.092800875588642
20241129,0.012417218543046357,1208,0.0
20241202,0.0180623973727422,1218,1.5965317234848397
20241203,0.020542317173377157,1217,2.165605095541401
20241204,0.03228410008071025,1239,6.02672967584732
20241205,0.037096774193548385,1240,7.0572629445255775
20241206,0.03269537480063796,1254,8.815568626857996
20241209,0.06031746031746032,1260,15.39209900958518
20241210,0.036115569823434994,1246,8.509802143321377
20241211,0.02390438247011952,1255,4.777192567167732
20241212,0.019936204146730464,1254,5.076461549718281
20241213,0.01988862370723946,1257,2.5773715999019675
20241216,0.019747235387045814,1266,3.6805863742430667
20241217,0.01728201099764336,1273,4.351519864069009
20241218,0.015552099533437015,1286,4.313545593990553
20241219,0.019409937888198756,1288,6.094745455608175
20241220,0.02560124127230411,1289,9.576394188325787
20241223,0.017080745341614908,1288,6.5911901537011985
20241224,0.02040816326530612,1274,7.150313919807094
20241226,0.01987281399046105,1258,7.792611449884546
20241227,0.014274385408406027,1261,5.680436055678162
20241230,0.015139442231075698,1255,6.15314292454916
20250102,0.012,1250,6.459082766555491
20250103,0.010416666666666666,1248,4.896848787123109
20250106,0.013535031847133758,1256,3.4737311270822913
20250107,0.013492063492063493,1260,4.368709017249306
20250108,0.016786570743405275,1251,4.1632505593152125
20250109,0.012789768185451638,1251,2.993697478991586
20250110,0.018518518518518517,1242,4.372536182423481
20250113,0.01778496362166532,1237,6.793182813007448
20250114,0.021969080553295363,1229,7.02467829090303
20250115,0.03391232423490488,1209,8.718258596703254
20250116,0.02335279399499583,1199,7.460234176516067
20250117,0.019118869492934332,1203,6.0136058176599505
20250120,0.018211920529801324,1208,6.457686282054809
20250121,0.018976897689768978,1212,6.509014282369474
20250122,0.0165016501650165,1212,5.068891589627356
20250123,0.023868312757201648,1215,6.546870899573198
20250124,0.02040816326530612,1225,5.778466942942617
20250131,0.0171990171990172,1221,2.151615427920217
20250203,0.02035830618892508,1228,4.845126456379667
20250204,0.019559902200488997,1227,3.754583842649195
20250205,0.020458265139116204,1222,0.5390024350871325
20250206,0.013061224489795919,1225,-1.7046682515668876
20250207,0.018760195758564437,1226,-2.2990981289540913
20250210,0.00897226753670473,1226,-3.7576533674816837
20250211,0.006514657980456026,1228,-2.6814658680078485
20250212,0.007275666936135812,1237,-3.003301215813625
20250213,0.007205764611689352,1249,-2.0045910740977946
20250214,0.01200960768614892,1249,-1.693727522741706
20250217,0.011155378486055778,1255,-2.985113470747458
20250218,0.009508716323296355,1262,-4.562786789892059
20250219,0.004746835443037975,1264,-6.8253947858712305
20250220,0.003924646781789639,1274,-6.359743319405942
20250221,0.0054988216810683424,1273,-7.026399018911755
20250224,0.003127443315089914,1279,-8.026327699688363
20250225,0.0031031807602792862,1289,-6.881717635132489
20250226,0.0038669760247486465,1293,-8.286125406722745
20250227,0.004576659038901602,1311,-10.00064863462412
20250228,0.005279034690799397,1326,-9.558309586536918
20250304,0.007558578987150416,1323,-6.294890906626904
20250305,0.006001500375093774,1333,-8.313809491933865
20250306,0.006010518407212622,1331,-6.998040603058831
20250307,0.005235602094240838,1337,-5.539370619760897
20250310,0.01199400299850075,1334,-10.267008349177498
20250311,0.014328808446455505,1326,-8.738738738738727
20250312,0.013646702047005308,1319,-11.802766316193502
20250313,0.014570552147239263,1304,-5.673768677365798
20250314,0.011574074074074073,1296,-5.266526843352482
20250317,0.015444015444015444,1295,-4.644187704267589
20250318,0.01317829457364341,1290,-4.509483059259056
20250319,0.013953488372093023,1290,-5.314552718900256
20250320,0.013302034428794992,1278,-1.847893539267731
20250321,0.021143304620203602,1277,-0.22796458208810266
20250324,0.024237685691946835,1279,-0.6622976312793294
20250325,0.0220125786163522,1272,0.6832944352276327
20250326,0.011067193675889328,1265,1.3398838767306964
20250327,0.013449367088607595,1264,2.6275989766639807
20250328,0.016574585635359115,1267,5.1790244464944735
20250331,0.019138755980861243,1254,6.919818681726975
20250401,0.01592356687898089,1256,5.063272832453536
20250402,0.0168,1250,4.729502810834485
20250403,0.016935483870967744,1240,5.613834876881896
20250404,0.013654618473895583,1245,5.152824451912297
20250407,0.033123028391167195,1268,12.020574236143112
20250408,0.023547880690737835,1274,9.730427519173812
20250409,0.031906614785992216,1285,12.746545641057526
20250410,0.021756021756021756,1287,7.346837002596107
20250411,0.020077220077220077,1295,6.247933409048412
20250414,0.020061728395061727,1296,3.4204067815735373
20250415,0.016166281755196306,1299,1.8471176536689615
20250416,0.017733230531996914,1297,2.0940910586316974
20250417,0.020123839009287926,1292,0.5338953284158787
20250418,0.01809598741148702,1271,0.8150243114089406
20250421,0.01179245283018868,1272,0.31029422042070376
20250422,0.01411764705882353,1275,-0.019549796123552454
20250423,0.019334880123743233,1293,-0.11155795504628196
20250424,0.018433179723502304,1302,0.14185764654033317
20250425,0.016781083142639208,1311,-0.12334004851376479
20250428,0.018982536066818528,1317,2.3463671619799564
20250429,0.019622641509433963,1325,1.086088704126853
20250430,0.02330827067669173,1330,3.213708103284807
20250502,0.02562170308967596,1327,3.9273543346355355
20250507,0.022744503411675512,1319,4.623621698648339
20250508,0.02359208523592085,1314,4.745130826902777
20250509,0.025894897182025894,1313,6.737529756961758
20250512,0.03274942878903275,1313,8.393989523021773
20250513,0.03179409538228615,1321,7.866043613707174
20250514,0.02416918429003021,1324,4.033556592923349
20250515,0.031578947368421054,1330,6.004937059312909
20250516,0.03281133482475764,1341,6.975878191071194
20250519,0.04431314623338257,1354,9.24413309982488
20250520,0.0413589364844904,1354,9.357836629166382
20250521,0.037009622501850484,1351,9.384759956883437
20250522,0.044444444444444446,1350,9.352487912271656
20250523,0.04083147735708983,1347,11.864856560239101
20250526,0.039581777445855115,1339,10.056944310394766
20250527,0.038002980625931444,1342,8.367372199529655
20250528,0.034892353377876766,1347,7.240768945786846
20250529,0.027366863905325445,1352,6.140243653995037
20250530,0.030814380044020543,1363,6.716143528290308
20250602,0.02785923753665689,1364,5.657242432019882
20250604,0.01890909090909091,1375,5.747723970621554
20250605,0.01305293691080493,1379,2.5878370337066636
20250609,0.007834757834757835,1404,1.8646707056960699
20250610,0.01055594651653765,1421,1.6908713692945998
20250611,0.011929824561403509,1425,0.5176207251777365
20250612,0.015894955079474776,1447,1.0450313509405174
20250613,0.014383561643835616,1460,4.111281637749387
20250616,0.011675824175824176,1456,2.8446079818850833
20250617,0.012995896032831737,1462,4.799845291046223
20250618,0.012978142076502733,1464,4.168109473792203
20250619,0.013550135501355014,1476,4.56990964971693
20250620,0.011417058428475487,1489,3.6814776445617925
20250623,0.01208865010073875,1489,4.701894774398263
20250624,0.010680907877169559,1498,1.503252469004801
20250625,0.0072992700729927005,1507,1.9230528307087047
20250626,0.011873350923482849,1516,2.7844406370962638
20250627,0.010491803278688525,1525,3.248630943241726
20250630,0.009829619921363041,1526,2.9302623160588626
20250701,0.009810333551340745,1529,2.651626322304046
20250702,0.008469055374592834,1535,2.748763056624526
20250703,0.005221932114882507,1532,1.501266812045432
20250704,0.006535947712418301,1530,-0.387986594483114
20250707,0.006561679790026247,1524,0.7193690106106709
20250708,0.006574621959237344,1521,1.8310721207793534
20250709,0.007198952879581152,1528,1.6612682828078373
20250710,0.006565988181221274,1523,1.0166729346872128
20250711,0.007270323859881031,1513,1.0993541294489484
20250714,0.0072992700729927005,1507,1.5612294682062045
20250715,0.007348029392117568,1497,-0.6999803168979413
20250716,0.00533689126084056,1499,0.23023035347131682
20250717,0.008655126498002663,1502,-0.3678492429149305
20250718,0.005980066445182724,1505,-2.7562844992506164
20250721,0.0053583389149363695,1493,-4.104954423200969
20250722,0.005420054200542005,1476,-4.3494839907991745
20250723,0.006155950752393981,1462,-4.4643296130586485
20250724,0.006202618883528601,1451,-3.3807060218054352
20250725,0.008333333333333333,1440,-1.1066360988908897
20250728,0.006237006237006237,1443,-0.34062655395326047
20250729,0.006289308176100629,1431,-0.3393622972217014
20250730,0.009880028228652082,1417,-0.6520089091293757
20250731,0.007067137809187279,1415,-1.0344741940291113
20250801,0.01132342533616419,1413,1.5799893890966477
20250804,0.01059322033898305,1416,1.267760120398953
20250805,0.009200283085633405,1413,-0.22414224893564372
20250806,0.007178750897343862,1393,0.24020211825908078
20250807,0.006550218340611353,1374,0.693711917201334
20250808,0.009502923976608187,1368,1.1528908769631974
20250811,0.01611721611721612,1365,1.5975857609164201
20250812,0.022058823529411766,1360,3.197512357685306
20250813,0.022861356932153392,1356,2.5377717725095117
20250814,0.025278810408921933,1345,3.9030493339548222
20250818,0.02539208364451083,1339,6.846688803959666
20250819,0.029940119760479042,1336,8.107010508147617
20250820,0.03313253012048193,1328,8.734455575416987
20250821,0.04150943396226415,1325,10.276105192733255
20250822,0.0382262996941896,1308,10.300187857024202
20250825,0.035034272658035034,1313,9.566176286308625
20250826,0.03666921313980138,1309,8.800488985355393
20250827,0.03522205206738132,1306,7.386618769645259
20250828,0.027820710973724884,1294,6.769535212855238
20250829,0.023291925465838508,1288,4.803553726267729
20250901,0.028771384136858476,1286,7.8611464968152855
20250902,0.02574102964118565,1282,6.044080604534008
20250903,0.029019607843137254,1275,6.090536012349257
20250904,0.029921259842519685,1270,6.062675374338866
20250905,0.03622047244094488,1270,5.926793196943558
20250908,0.037914691943127965,1266,5.11727339359882
20250909,0.02444794952681388,1268,2.805460585339836
20250910,0.027365129007036748,1279,3.807923169267702
20250911,0.02336448598130841,1284,3.671714025588191
20250912,0.01791277258566978,1284,1.470935448835986
20250915,0.02109375,1280,2.706728119246149
20250916,0.019409937888198756,1288,2.4253380916604117
20250917,0.017982799061767005,1279,3.97620427424219
20250918,0.017027863777089782,1292,1.7407333947801362
20250919,0.01841903300076746,1303,2.313725944549372
20250922,0.022053231939163497,1315,3.24122786952743
20250923,0.019593067068575734,1327,3.56450854725352
20250924,0.02237136465324385,1341,4.72158338560178
20250925,0.023809523809523808,1344,4.502158408408419
20250926,0.03345724907063197,1345,7.810198876902241
20250929,0.036845983787767135,1357,8.012188352564632
20250930,0.037694013303769404,1353,10.045249943586043
20251001,0.027387120651369355,1351,6.689616012492006
20251002,0.01918819188191882,1355,5.141352063213334
20251010,0.014545454545454545,1375,2.0151485183073525
20251013,0.017391304347826087,1380,3.237690153284767
20251014,0.020773638968481375,1396,4.282041605736109
20251015,0.01859799713876967,1398,4.832778240355262
20251016,0.017191977077363897,1396,6.119642712702644
20251017,0.01638176638176638,1404,4.462852223282221
20251020,0.017142857142857144,1400,3.0715827214907954
20251021,0.014316392269148175,1397,0.7106017191977232
20251022,0.00995732574679943,1406,-0.8906329977819372
20251023,0.014275517487508922,1401,2.283178331020741
20251024,0.009312320916905445,1396,-2.166281650586588
20251027,0.007862759113652609,1399,-5.12462612163509
20251028,0.00724112961622013,1381,-5.233034429314731
20251029,0.011577424023154847,1382,-2.691910957308752
20251030,0.015206372194062274,1381,-1.2123116988078997
20251031,0.017391304347826087,1380,1.3604762222074074
20251103,0.01588447653429603,1385,0.8561587666065407
20251104,0.017266187050359712,1390,0.19966111572788936
20251105,0.023960535588442564,1419,3.3396533945381446
20251106,0.02679830747531735,1418,3.524945166282567
20251107,0.02959830866807611,1419,5.466406633136045
20251110,0.02461322081575246,1422,4.439691563010073
20251111,0.023387668320340185,1411,5.324165695997829
20251112,0.020655270655270654,1404,3.1428224730008614
20251113,0.02223816355810617,1394,1.771617104217249
20251114,0.02830188679245283,1378,4.39247132197349
20251117,0.025491624180626365,1373,4.005893626685286
20251118,0.02852962692026335,1367,4.257425742574261
20251119,0.023408924652523776,1367,4.562043795620441
20251120,0.024926686217008796,1364,1.0527613965064964
20251121,0.028085735402808575,1353,5.94015857399155
20251124,0.03353204172876304,1342,8.488627341086353
20251125,0.03345724907063197,1345,7.421468873754411
20251126,0.03169811320754717,1325,4.31769479779327
20251127,0.03058103975535168,1308,4.5008294888984945
20251128,0.02916346891788181,1303,2.1826070759420224
20251201,0.02474864655839134,1293,0.33500292721004854
20251202,0.028771384136858476,1286,1.8472243165808644
20251203,0.03203125,1280,2.734949195824088
20251204,0.03058823529411765,1275,2.8112665756105937
20251205,0.031421838177533384,1273,2.4493371109717277
20251208,0.0264797507788162,1284,1.7536295929035717
20251209,0.028928850664581705,1279,1.7791378107048894
20251210,0.026771653543307086,1270,1.5839572192513307
20251211,0.024294670846394983,1276,1.5342805786185076
20251212,0.022029897718332022,1271,0.5163547912176991
20251215,0.02966432474629196,1281,1.3133368128415146
20251216,0.03557617942768755,1293,4.200368951326805
20251217,0.04977029096477795,1306,6.288210565598695
20251218,0.052187260168841135,1303,8.325474576459225
20251219,0.054615384615384614,1300,3.935450741311297
20251222,0.03902065799540933,1307,4.435284241341453
20251223,0.04420731707317073,1312,8.087563617382232
20251224,0.05034324942791762,1311,16.303540209790214
20251226,0.05139833711262283,1323,17.715049963573893
20251229,0.04640718562874251,1336,21.545373636860777
20251230,0.06437125748502993,1336,25.81823289787892
20260102,0.04744255003706449,1349,21.560540203263635
20260105,0.0363232023721275,1349,14.71122715404698
20260106,0.05286343612334802,1362,19.70354718244296
20260107,0.06486880466472303,1372,21.325958686496605
20260108,0.06027596223674655,1377,17.408851132343294
20260109,0.05228758169934641,1377,14.01489577179509
20260112,0.0617816091954023,1392,18.713216327476022
20260113,0.05886575735821967,1393,17.5156483803663
20260114,0.059370529327610874,1398,18.328769449574377
20260115,0.056227758007117434,1405,18.380714075444725
20260116,0.05689900426742532,1406,15.869640369163719
20260119,0.07294617563739376,1412,19.86348052377216
20260120,0.06843575418994413,1432,18.192898184090044
20260121,0.0837370242214533,1445,21.097667377981487
20260122,0.07162346521145975,1466,20.059772247127317
20260123,0.06089309878213803,1478,17.236626321773162
20260126,0.05752508361204013,1495,11.625219605227311
20260127,0.05036447978793903,1509,10.178368542107364
20260128,0.03662524525833878,1529,0.3687627920107239
20260129,0.012210796915167094,1556,-15.971178536769692
20260130,0.027528809218950064,1562,-2.8735732182628038
20260202,0.04185161699429296,1577,5.126734404020561
20260203,0.0251414204902577,1591,-3.6746393085910545
20260204,0.025561097256857856,1604,-1.0222458087921882
20260205,0.033971587399629403,1619,2.5640331646231918
20260206,0.038953134510042606,1643,6.257575617383915
20260209,0.03333333333333333,1650,2.253558600505534
20260210,0.032569360675512665,1658,2.070480631276883
20260211,0.029958058717795086,1669,1.9796030030407197
20260212,0.032777115613825986,1678,3.409444133606887
20260213,0.035545023696682464,1688,3.3813105742803495
20260219,0.03169014084507042,1704,0.06978487305182579
20260220,0.024547048509643482,1711,-4.948873483535521
20260223,0.02149912841371296,1721,-2.6519327424717187
20260224,0.03054755043227666,1735,-0.4678111587982925
20260225,0.022844089091947458,1751,-2.455267110062209
20260226,0.027699265121537593,1769,-3.925430290788212
20260227,0.026936026936026935,1782,-7.187410922383009
20260303,0.02121719709659408,1791,-7.498461808912715
20260304,0.05813953488372093,1806,14.077511140182342
20260305,0.0329608938547486,1790,-5.3806397291317865
20260306,0.032492997198879554,1785,-7.8741112179237405
20260309,0.03609701071630006,1773,-4.981492905613827
20260310,0.027303754266211604,1758,-8.873321144785884
20260311,0.02508551881413911,1754,-4.132544003940786
20260312,0.025200458190148912,1746,-6.304423545802862
20260313,0.02827466820542412,1733,-5.145885373300018
20260316,0.033760186263096625,1718,-3.377873828286293
20260317,0.03571428571428571,1708,-1.32460815874188
20260318,0.038869257950530034,1698,-1.0262972569092588
20260319,0.043969102792632206,1683,1.7044460768880887
20260320,0.03889886295631358,1671,0.7335215923961691
20260323,0.052884615384615384,1664,7.107367192699332
20260324,0.04878048780487805,1640,5.135361677842765
20260325,0.041079092581238506,1631,1.8602043896339016
20260326,0.043668122270742356,1603,3.3141539977477263
20260327,0.05233291298865069,1586,5.460311341994362
20260330,0.07859424920127796,1565,10.76103157038979
20260331,0.09161793372319688,1539,15.506608766711949
20260401,0.06859448554135844,1487,9.324660896987936
20260402,0.0840677966101695,1475,12.875589298899982
20260403,0.08701563562202583,1471,14.10011750881317
20260406,0.10401087695445276,1471,15.543695160258576
20260407,0.10692254969156957,1459,15.669460708188243
20260408,0.07186858316221766,1461,10.815249805019045
20260409,0.08395396073121192,1477,12.206319702602219
20260410,0.06001348617666891,1483,7.83263078006271
20260413,0.06405933917734322,1483,7.009201338376503
20260414,0.058784235136940546,1497,6.169108995614492
20260415,0.04087013843111404,1517,-1.9619412892757149
20260416,0.031901041666666664,1536,-4.460992115015872
20260417,0.022786458333333332,1536,-7.322826570031804
20260420,0.021400778210116732,1542,-10.110226837468616
20260421,0.028423772609819122,1548,-6.196619254811154
20260422,0.031511254019292605,1555,-1.6924613925765164
20260423,0.03720333547145606,1559,-0.15242993758036727
20260424,0.03143040410519564,1559,-5.873704146730452
20260427,0.025591810620601407,1563,-9.934919832324795
20260428,0.024699176694110196,1579,-11.581302752595468
20260429,0.020741671904462602,1591,-13.95030567256159
20260430,0.017710309930423784,1581,-13.948924393005402
20260504,0.01813633520950594,1599,-13.512778684067428
20260506,0.01353846153846154,1625,-17.165356933323416
20260507,0.010365853658536586,1640,-23.99889924781935
20260508,0.010948905109489052,1644,-19.864703739277324
20260511,0.009691096305269533,1651,-21.179618003213672
20260512,0.012711864406779662,1652,-15.463541622501676
20260513,0.011411411411411412,1665,-12.564893409123744
20260514,0.009615384615384616,1664,-13.18624117405066
20260515,0.00963275135460566,1661,-9.83696518029421
20260518,0.012658227848101266,1659,-7.121835314870973
20260519,0.015151515151515152,1650,-7.6939392821572135
20260520,0.013349514563106795,1648,-8.472923196379023
20260521,0.01212856276531231,1649,-12.438854580142323
20260522,0.004857316332726169,1647,-23.219622264518193
20260526,0.00425531914893617,1645,-22.448231160236077
20260527,0.003629764065335753,1653,-21.649766575768016
20260528,0.00424757281553398,1648,-22.908290774747353
20260529,0.005501222493887531,1636,-14.349646445850384
20260601,0.008567931456548347,1634,-12.747254840337895
20260602,0.012269938650306749,1630,-9.422726431001038
20260604,0.006806930693069307,1616,-17.434006839854057
20260605,0.006285355122564425,1591,-13.370376281872243
20260608,0.009596928982725527,1563,-7.057351956900993
20260609,0.004530744336569579,1545,-14.112274103388057
20260610,0.005242463958060288,1526,-17.50995660077972
20260611,0.005351170568561873,1495,-20.355491358470502
20260612,0.0047522063815342835,1473,-18.62105825761625
20260615,0.003419972640218878,1462,-22.69469938009535
