c1,c2,n,events,lift
rv21↑,rv_ratio↓,4012,186,2.6530030648253113
sma20gap↑,bbw20↑,3497,149,2.438239529605704
rv21↑,amt20↓,5295,221,2.388427379688174
dlow52↑,obv63↓,7339,295,2.300227864497191
rv_ratio↓,max21↑,3114,123,2.2603320080968627
vol_dry↑,bbw20↑,8692,337,2.2186863682453484
dlow52↑,price↓,6953,267,2.1974791534660008
amt20↓,bbw20↑,6070,233,2.1966100272682874
rv_ratio↓,sma60gap↑,4960,190,2.1920863426281634
turn20↑,sma20gap↑,5438,208,2.1888190685068265
turn20↑,sma60gap↑,9130,349,2.187461314661357
dd52↓,upr63↑,4767,181,2.1727970089959037
turn20↑,dlow52↑,17275,655,2.169746396505561
turn20↑,upr63↑,9104,342,2.1497085750202376
bbw20↑,upr63↑,6407,240,2.1435926020590683
bbw20↑,ret5↑,6943,259,2.134707277450097
dlow52↑,ret5↑,12118,452,2.134485547061323
dd52↓,mom63↑,4565,168,2.105979947639587
amt_trend↓,max21↑,4606,169,2.099657718587462
turn20↑,mom63↑,17976,655,2.0851340119956365
rv21↑,amt_trend↓,6062,220,2.076789505874257
amt20↑,dlow52↑,26348,954,2.071984259167109
turn20↑,nh_fresh↓,4397,159,2.0693139739418918
dlow52↑,amihud63↓,25309,914,2.0666024586893825
bbw20↑,amihud63↑,13878,500,2.061716055596455
dlow52↑,upr63↓,7721,277,2.053014177236168
rv21↑,mom63↑,15740,564,2.0505015777174247
obv63↑,amihud63↓,4463,159,2.038712422904436
rv21↑,vol_dry↑,11973,426,2.036068328528489
bbw20↑,mom63↑,10709,381,2.0359250639378574
rv21↑,ret5↑,10182,362,2.0345164686473134
rv21↑,dlow52↑,16755,594,2.028746318021266
sma60gap↑,bbw20↑,4910,174,2.0279324655823885
turn20↑,ret5↑,9265,328,2.0258820286277768
dlow52↑,size↑,19244,679,2.019110828298317
mom12_1↑,ret5↑,12804,451,2.0156568938183366
bbw20↑,price↓,15891,557,2.00580957129182
dlow52↑,obv63↑,11430,400,2.002624351325817
dlow52↑,mom63↑,27080,946,1.9990709502888444
turn20↑,dd52↑,3579,125,1.9986375677261532
turn20↑,bbw20↑,24166,841,1.9914846187086284
rv21↑,bbw20↑,28405,985,1.9843906346258822
sma20gap↓,sma60gap↑,3148,109,1.9814243969077947
sma20gap↑,mom12_1↑,6487,224,1.9760132492625693
vol_dry↑,dlow52↑,5393,186,1.9736414418837658
vol_dry↑,turn20↑,11035,380,1.970593250464103
mom21↓,max21↑,11684,402,1.9688844845371754
dlow52↑,price↑,20273,696,1.9646127176065755
sma60gap↑,dlow52↑,13760,472,1.9629502671563823
dlow52↑,mom12_1↑,52189,1789,1.9616300103702484
dlow52↑,ret5↓,18977,650,1.9600697710617005
amt20↓,max21↑,4920,168,1.9540240774338853
rv21↑,mom21↓,19987,680,1.9469151833998073
sma20gap↑,dlow52↑,7144,243,1.9464827511072027
dlow52↑,nh_fresh↓,7529,256,1.9457560970671557
bbw20↑,size↓,18474,626,1.9390951751271326
amt_trend↑,bbw20↑,11588,390,1.9259360051141465
turn20↑,mom12_1↑,18677,628,1.9241470389771864
dlow52↑,upr63↑,18247,612,1.9193124564887791
bbw20↑,mom12_1↓,11264,377,1.9152895548964821
bbw20↑,max21↑,20483,685,1.9137391361034817
dlow52↑,max21↑,13095,437,1.9096846885606784
sma20gap↑,dd52↓,4360,145,1.9031246953382124
rv21↑,price↓,19324,642,1.901182163047237
rv21↑,sma20gap↑,6419,213,1.8988819206630003
sma60gap↑,obv63↑,8661,287,1.8962674484276418
bbw20↑,upr63↓,17648,583,1.8904221248422388
rv21↑,upr63↑,8493,280,1.8866122023970164
rv21↑,upr63↓,17566,576,1.8764428283810703
rv21↑,sma60gap↑,9550,312,1.8695494389330036
rv21↑,dd52↓,19182,626,1.8675239425137444
dlow52↑,zr20↑,6224,203,1.8664320598239796
bbw20↑,dlow52↑,13054,425,1.8630780685332056
ret5↑,max21↑,9717,316,1.8609753118417958
amt_trend↑,dlow52↑,3451,112,1.8572005140490129
rv_ratio↓,dlow52↑,20458,663,1.8545394919516396
mom21↓,ret5↑,6715,217,1.8492662713465884
sma20gap↓,dlow52↑,21048,679,1.8460551491720263
sma60gap↑,mom12_1↑,11884,383,1.8442587926109717
sma20gap↑,size↓,5897,190,1.843776201362674
mom12_1↑,max21↑,12243,394,1.841594902443786
amt_trend↓,sma20gap↑,4104,132,1.8405698807908986
rv21↑,mom12_1↑,16643,535,1.8395343447057226
rv21↑,amihud63↑,19102,612,1.833404585569613
mom63↑,obv63↑,17106,548,1.833233659525669
ret5↑,size↓,10643,339,1.8227259132262366
rv21↑,sma60gap↓,16601,528,1.820058741224227
mom63↑,mom12_1↑,26781,851,1.8183961466750331
turn20↑,amihud63↓,9536,303,1.8182856778794012
amt20↑,mom63↑,19853,630,1.8159343287490648
amt20↑,obv63↑,9525,301,1.8083697892472126
amt_trend↓,dlow52↑,18769,593,1.808003599957759
amt_trend↓,ret5↑,10861,343,1.8072158970466234
mom63↑,ret5↑,11088,350,1.8063444078009854
rv21↑,obv63↓,9000,284,1.805766377590489
sma60gap↑,price↓,4094,129,1.8031323444671328
rv21↑,sma20gap↓,26342,828,1.7987355711337012
ret5↑,obv63↑,9642,303,1.798296227365481
sma60gap↑,ret5↓,5034,158,1.7960962559760356
bbw20↑,obv63↑,10272,322,1.7938519324573146
rv21↑,turn20↑,32875,1030,1.7929046559485708
mom63↑,ret5↓,14831,464,1.790330776708161
sma60gap↓,dlow52↑,13965,436,1.7866162553428537
vol_dry↓,sma60gap↑,3404,106,1.7819768005136112
rv21↑,size↓,22675,706,1.7817351061710895
vol_dry↑,size↓,15952,496,1.779312653975117
mom63↑,max21↑,13053,403,1.7667717236015852
rv21↑,nh_fresh↓,4996,154,1.7639408705417978
mom12_1↑,obv63↑,12241,377,1.7624231309822707
rv21↑,ret5↓,23903,732,1.7524450192129428
vol_dry↓,dlow52↑,17279,529,1.751954404415911
mom63↑,price↓,8364,256,1.7515061758511017
dlow52↑,mom21↓,20782,636,1.7512796734525067
rv21↑,obv63↑,13635,416,1.7459183123637878
sma60gap↑,mom63↑,20621,628,1.7427522548361822
bbw20↑,nh_fresh↓,3103,94,1.7335317882303287
amt20↑,turn20↑,21569,652,1.7298295714736964
sma20gap↓,mom63↑,15278,460,1.7229673901035605
amt20↑,sma60gap↑,10963,330,1.722543735922158
rv21↑,mom12_1↓,12673,381,1.7204072839667415
sma20gap↑,upr63↓,4624,139,1.7202149062802323
turn20↑,obv63↓,5435,163,1.7162232763162906
amt20↑,mom12_1↑,31148,934,1.7159413587951806
amt20↑,ret5↑,10823,323,1.7078141033946848
ret5↑,amihud63↑,10824,323,1.7076563230821022
rv21↑,mom63↓,14940,445,1.704492699023773
max21↑,obv63↓,6489,193,1.7020223812533666
ret5↑,upr63↑,11987,356,1.6995158704206335
sma60gap↓,max21↑,10620,315,1.6973514231946885
rv_ratio↓,sma20gap↑,4114,122,1.696997783756562
ret5↑,price↓,10390,308,1.696371239504682
bbw20↑,ret5↓,23356,692,1.695482687989449
max21↑,upr63↓,16557,490,1.693558344577898
sma20gap↑,mom63↑,7479,221,1.6909644304651534
rv_ratio↓,mom63↑,18650,551,1.690668630153539
amt_trend↑,mom63↑,4809,142,1.6897377207646496
bbw20↑,dd52↓,21642,638,1.6869764418893016
vol_dry↑,mom12_1↑,6654,196,1.6856174037376768
vol_dry↑,dd52↓,13469,396,1.6824631652162405
mom12_1↑,amihud63↓,33446,982,1.680169258028786
sma20gap↑,price↓,5736,168,1.676045756794755
rv_ratio↓,ret5↑,9629,282,1.675921426590106
max21↑,upr63↑,6457,189,1.6750074753905149
dlow52↑,mom63↓,9774,285,1.6686231214603575
obv63↓,size↓,15054,438,1.6649758195523596
vol_dry↑,max21↑,11656,339,1.6643163945149997
rv21↑,dlow52↓,8264,240,1.6619068007493285
dd52↓,ret5↑,10065,292,1.6601785717861381
mom21↓,mom63↑,14230,412,1.6568303742602746
sma20gap↑,max21↑,7029,203,1.6526779257852393
turn20↑,ret5↓,26227,756,1.6495250342923788
sma60gap↑,size↓,4164,120,1.6491351826840117
mom63↑,amihud63↓,15605,448,1.6428577953176915
rv21↑,max21↑,39709,1138,1.6399818573858789
vol_dry↑,mom21↓,9951,285,1.6389430599089072
mom63↑,nh_fresh↓,8781,251,1.6357445280290328
rv_ratio↑,dlow52↑,3849,110,1.6354245238516167
turn20↑,dd52↓,17901,511,1.633538367621814
turn20↑,sma20gap↓,30570,872,1.6323255483063757
vol_dry↑,amihud63↑,17747,506,1.6315909936666715
sma20gap↑,obv63↑,6141,175,1.6307398464173037
rv_ratio↑,bbw20↑,13864,395,1.6304004170122914
amt20↑,sma20gap↑,6414,182,1.6237836502529792
amt20↑,bbw20↑,14282,405,1.622750405394886
mom63↓,max21↑,11047,312,1.6162032354313556
mom12_1↑,upr63↑,22738,642,1.615728917174985
sma60gap↓,amihud63↑,17079,481,1.6116412315489217
vol_dry↑,price↓,15214,427,1.6060911718358575
sma20gap↓,max21↑,19059,534,1.6033446197648462
turn20↑,mom21↓,25005,700,1.6019793476262607
rv21↑,amt_trend↑,19020,532,1.6006148857213423
amt_trend↑,ret5↑,7160,200,1.59846343126076
amt_trend↑,mom21↓,6123,171,1.5981501606225903
ret5↑,upr63↓,9746,272,1.5970857283239048
dd52↓,max21↑,15660,437,1.596891506813671
dd52↑,dlow52↑,11471,320,1.5963732079612298
rv_ratio↑,ret5↑,8908,248,1.5931519676813575
mom12_1↑,ret5↓,25060,697,1.591612873698214
dd52↓,amihud63↑,25405,705,1.5880188365121166
sma20gap↑,amihud63↑,6705,186,1.5874494103026322
vol_dry↑,mom63↑,5275,146,1.5838575663533156
sma20gap↑,mom63↓,3077,85,1.5808008519098125
amt20↑,price↓,3801,105,1.5808008519098125
mom63↑,size↓,8436,233,1.580538509426091
mom12_1↑,obv63↓,14347,396,1.579500688108841
max21↑,size↓,21089,580,1.5738297067996787
rv_ratio↓,mom12_1↑,27390,753,1.5732171632664773
mom63↓,amihud63↑,18739,515,1.5727024004565149
rv_ratio↓,turn20↑,16976,466,1.5708556627613695
vol_dry↑,ret5↑,18695,513,1.5702819096269784
amt20↓,dlow52↑,3755,103,1.569686832604774
bbw20↑,mom12_1↑,15897,435,1.565884821980488
sma20gap↓,nh_fresh↓,3475,95,1.5644242099907466
max21↑,price↓,17897,489,1.5635592848151711
bbw20↑,mom21↓,34435,940,1.5621167820179205
mom21↑,max21↑,3971,108,1.55635835069922
mom12_1↑,size↑,28662,779,1.5553090455546135
vol_dry↓,ret5↑,4712,128,1.5544989022515507
sma60gap↑,ret5↑,10646,289,1.5534494037676194
turn20↑,max21↑,29344,796,1.5523136827955162
sma20gap↓,bbw20↑,37494,1017,1.5521901019736626
rv21↑,price↑,5791,157,1.5514286931003676
vol_dry↑,sma20gap↓,9966,270,1.5503459288146204
max21↑,zr20↑,5542,150,1.5488539563100472
ret5↑,amihud63↓,11972,324,1.5486883588272475
vol_dry↓,mom63↑,16243,439,1.5466213740306816
rv21↑,amt20↑,17803,481,1.5461001288335694
bbw20↑,zr20↑,5115,138,1.5439000460998358
dd52↓,size↓,33580,905,1.5422458817575153
amt_trend↓,mom12_1↑,26186,703,1.5362853646953354
mom12_1↑,price↑,28277,758,1.5339867403212677
ret5↑,nh_fresh↑,6307,169,1.5333793327753054
amt_trend↓,mom63↑,13638,365,1.5315384701777646
max21↑,amihud63↑,18838,504,1.5310221564350859
mom12_1↓,max21↑,12425,332,1.5290701777539548
dd52↓,price↓,33349,889,1.5254735331191702
rv21↑,nh_fresh↑,4244,113,1.5236625741805558
rv21↑,zr20↑,5599,149,1.5228654465138678
ret5↓,nh_fresh↓,6321,168,1.5209299890800057
mom12_1↑,nh_fresh↓,8884,236,1.5201595945560458
vol_dry↓,amihud63↓,11340,301,1.5189349420264284
sma20gap↑,ret5↑,22376,593,1.5165543246159807
bbw20↑,obv63↓,11588,307,1.516057316846264
sma60gap↑,max21↑,8515,225,1.512110738556127
sma60gap↑,zr20↑,3635,96,1.5113064980899533
turn20↑,sma60gap↓,16817,443,1.507443119565731
dlow52↑,size↓,5529,145,1.5007458259494675
mom63↓,size↓,29232,766,1.4995328059242465
vol_dry↑,sma60gap↓,11192,293,1.498116718715745
sma60gap↓,size↓,30576,800,1.4972525075650238
upr63↓,size↓,33769,883,1.4963329358570403
rv21↑,mom21↑,3448,90,1.4936917562419283
mom63↑,zr20↑,5710,149,1.4932615823171884
obv63↓,amihud63↑,13005,339,1.4916779618967193
vol_dry↑,mom12_1↓,14145,368,1.4887802494734363
mom63↑,upr63↑,23273,605,1.4876087937814981
turn20↑,mom21↑,3044,79,1.4851426663244682
amt_trend↑,sma60gap↓,6978,181,1.484339831167021
mom63↑,price↑,13701,355,1.4827291254574848
mom12_1↓,ret5↑,10247,265,1.4799085168703847
rv_ratio↓,bbw20↑,9947,257,1.4785184121501709
ret5↓,max21↑,19463,502,1.4759772594793135
turn20↑,upr63↓,20764,535,1.4744447167663908
sma60gap↑,amihud63↑,5824,150,1.4738579371343203
bbw20↑,mom63↓,19936,512,1.4696626860773088
mom12_1↑,price↓,9231,237,1.469214909422061
sma60gap↓,price↓,29878,767,1.4690263060986917
ret5↓,price↓,23522,603,1.4669955563301817
sma20gap↓,mom12_1↑,31439,805,1.4652539083782514
turn20↑,mom12_1↓,11614,296,1.4584636893735166
mom12_1↑,upr63↓,12165,310,1.4582611722262158
vol_dry↓,mom12_1↑,23490,597,1.4543771618119932
amt_trend↑,dd52↓,12085,307,1.4537089108493595
bbw20↑,nh_fresh↑,4221,107,1.4506216583244416
amt_trend↓,amihud63↓,16090,407,1.4475184133951542
amt20↑,amt_trend↓,8306,210,1.4468153234069823
amt20↓,mom63↑,4473,113,1.445657045567243
amt_trend↑,mom12_1↑,3765,95,1.4439240716382058
turn20↑,obv63↑,27778,699,1.4399981494908025
sma60gap↓,mom12_1↑,23967,603,1.4397575614803078
amt_trend↑,max21↑,20431,513,1.436856752017834
mom12_1↓,size↓,26457,664,1.4361943499711147
amt20↑,ret5↓,20703,519,1.4345636016766254
sma20gap↑,amihud63↓,6745,169,1.4338062938196963
rv_ratio↑,dd52↓,14893,373,1.4332183967634078
rv_ratio↑,sma20gap↑,6471,162,1.4326145133580441
sma60gap↓,ret5↑,5996,150,1.4315791570831022
mom21↑,amihud63↑,3159,79,1.4310776436504216
mom63↓,price↓,28870,721,1.4291381501564422
sma60gap↑,upr63↑,13343,333,1.4281587311273345
mom21↓,price↓,29974,748,1.428047412680094
rv_ratio↑,vol_dry↑,17885,446,1.4270252118677274
upr63↑,obv63↑,13455,335,1.4247768064741952
sma60gap↑,amihud63↓,7796,194,1.4240184995885365
rv21↑,vol_dry↓,15273,380,1.423786847303829
amt20↑,vol_dry↓,10615,264,1.4232122073981814
max21↑,price↑,4626,115,1.422584078361554
amt_trend↓,dd52↑,4225,105,1.4221595356471473
amt_trend↑,vol_dry↑,17002,422,1.4203591421076966
sma60gap↑,nh_fresh↓,7355,182,1.416036483035025
sma20gap↓,upr63↑,12672,313,1.413464499104271
amt_trend↓,turn20↑,14166,349,1.4098208247111526
amt_trend↑,sma20gap↑,5605,138,1.4089293016593505
mom21↓,mom12_1↑,34024,837,1.4077509208898475
amt20↑,nh_fresh↓,7080,174,1.4063768935041705
turn20↓,dlow52↑,5547,136,1.4030284395389199
max21↑,obv63↑,13919,341,1.4019485506246934
mom63↑,size↑,13731,336,1.400305653044165
dd52↓,dlow52↑,8299,203,1.3997678202608084
rv_ratio↓,amt20↑,14546,355,1.3965950603528805
mom12_1↑,zr20↑,9665,235,1.3913991564611252
vol_dry↑,sma20gap↑,13401,325,1.387815985577117
mom21↓,mom12_1↓,22481,545,1.387287932357488
mom21↓,size↓,30947,750,1.386846645211213
bbw20↑,price↑,5912,143,1.3841633440453882
rv21↑,rv_ratio↑,22982,555,1.381945431891047
upr63↓,price↓,33669,812,1.3801031382392643
amt20↑,max21↑,14707,354,1.377415295917173
mom21↓,upr63↑,11687,281,1.375906770411311
sma60gap↑,dd52↑,12401,298,1.3751348496139257
mom12_1↓,price↓,27792,667,1.3733833077757336
dd52↑,obv63↑,6669,160,1.3729192583988055
amt_trend↓,upr63↑,10635,255,1.3721083840131152
ret5↑,zr20↑,8052,193,1.371637261792486
ret5↓,size↓,25259,605,1.3706448971723664
sma60gap↓,bbw20↑,27160,650,1.369522976636152
vol_dry↑,ret5↓,12244,293,1.369399078394856
vol_dry↑,nh_fresh↑,8444,202,1.3689540679186774
vol_dry↑,sma60gap↑,6815,163,1.3686975064972913
sma20gap↓,price↓,29210,697,1.3654850604203095
bbw20↑,dlow52↓,11043,263,1.3628699258075305
vol_dry↑,mom63↓,13650,325,1.3624997818841715
dd52↓,mom12_1↑,11964,284,1.3583999831422935
sma20gap↓,size↓,31139,739,1.3580804852474684
mom12_1↓,amihud63↑,25047,594,1.3571144072522183
mom21↓,amihud63↑,19581,463,1.3531061109503908
amt20↓,ret5↑,10481,247,1.348590090379391
dd52↑,mom63↑,14528,342,1.3471191400732545
amt20↑,sma20gap↓,22809,536,1.3447584326264401
rv_ratio↑,mom21↓,9365,220,1.3443137196593429
upr63↓,amihud63↑,22954,539,1.3437427055107554
ret5↓,upr63↑,13419,315,1.3433096441111552
vol_dry↑,obv63↑,9588,225,1.3428893344603068
vol_dry↑,upr63↓,13510,317,1.342732945670308
rv_ratio↑,mom12_1↓,15523,364,1.3418731344099217
turn20↑,amihud63↑,19079,447,1.3407186385603773
sma60gap↓,upr63↑,4882,114,1.3362656607254024
max21↑,nh_fresh↓,4542,106,1.3355017677120942
sma20gap↑,upr63↑,7929,185,1.3351776144835432
dd52↓,obv63↑,12172,283,1.3304857383729267
rv_ratio↑,mom63↓,14080,327,1.3290178980395748
turn20↑,mom63↓,13964,323,1.3236660012203287
amt20↑,upr63↑,19986,462,1.322823264669292
bbw20↑,size↑,5079,117,1.3182366466191808
turn20↑,price↓,25190,580,1.3176059820047012
mom21↓,ret5↓,47332,1085,1.311778818990571
ret5↓,upr63↓,29056,666,1.3116686363871164
rv_ratio↑,amt20↓,12629,288,1.304996227862138
vol_dry↓,max21↑,14355,327,1.3035577850503108
sma20gap↓,ret5↓,64942,1479,1.3032515390822732
amt20↓,dd52↓,29508,671,1.3012731751748585
rv_ratio↑,mom63↑,3826,87,1.3012478314178682
ret5↑,size↑,12243,278,1.2993994489324177
mom63↓,ret5↑,9079,206,1.2984192215950934
amihud63↑,price↓,37471,850,1.2981036591835
amt_trend↑,turn20↑,22049,500,1.2976776914856731
amt_trend↑,mom63↓,9571,217,1.297442588244942
size↓,price↓,48607,1102,1.29738391393682
rv_ratio↑,size↓,22030,499,1.2961992931787776
amihud63↓,nh_fresh↓,6498,147,1.2945635046711104
sma20gap↓,upr63↓,39667,897,1.2940433302922905
sma20gap↓,amihud63↑,21687,490,1.2929517919111106
amt20↑,mom21↓,19923,450,1.292538567364897
rv21↑,size↑,5197,117,1.2883055470807812
dd52↓,upr63↓,42396,953,1.286334000134349
sma20gap↓,mom12_1↓,22598,507,1.2838777925233007
amt20↑,vol_dry↑,7537,169,1.2831396380275775
turn20↑,nh_fresh↑,6651,149,1.2819912246325584
rv_ratio↑,amihud63↑,22909,512,1.278938203746878
sma20gap↑,sma60gap↑,10258,229,1.277492971550201
rv_ratio↑,turn20↑,17862,398,1.2750837730363795
mom12_1↓,ret5↓,19762,440,1.2741117280244656
dd52↓,mom21↓,47214,1050,1.2726360905894856
mom21↓,upr63↓,43297,961,1.2701391827703754
dd52↑,size↓,4641,103,1.2700224211228026
mom63↓,mom12_1↑,16402,364,1.2699607770665295
rv_ratio↓,amihud63↓,21519,477,1.2684753301857659
amt20↓,sma20gap↑,5506,122,1.2679711010487642
dlow52↑,amihud63↑,4559,101,1.267761367570225
ret5↓,amihud63↑,19961,442,1.2671432268372207
sma20gap↑,nh_fresh↑,3481,77,1.265821400348581
sma20gap↑,mom12_1↓,5987,132,1.2616834459271502
dd52↓,mom12_1↓,53679,1182,1.260081953312428
dd52↓,ret5↓,31721,698,1.259198751795857
sma20gap↓,dd52↓,43450,956,1.2590815015469106
rv21↑,amihud63↓,8011,176,1.2572211194217697
max21↑,size↑,4284,94,1.2556370538932562
ret5↑,price↑,12204,267,1.2519725134422404
rv_ratio↑,sma60gap↓,11345,248,1.2509297248219948
rv_ratio↓,vol_dry↑,3477,76,1.2508194718936658
dlow52↑,max21↓,3706,81,1.250735093893673
vol_dry↑,upr63↑,9434,206,1.2495599017237495
rv_ratio↓,upr63↑,13880,303,1.249219900883139
amt_trend↑,mom21↑,4643,101,1.244825344551509
amt_trend↑,sma60gap↑,5610,122,1.2444650414214788
ret5↓,obv63↑,16793,365,1.2437993006779224
amt_trend↑,ret5↓,14453,314,1.2432468777062518
mom12_1↓,upr63↓,30146,652,1.2376664906493784
vol_dry↓,bbw20↑,15408,332,1.2330410798671398
rv_ratio↑,max21↑,23626,509,1.2328587292440456
amt20↑,amt_trend↑,7070,152,1.230296832750856
amt20↓,size↓,38392,824,1.2282088052575384
bbw20↑,amihud63↓,8208,176,1.2270465871939322
mom63↑,amihud63↑,8754,187,1.222420983198342
mom12_1↑,size↓,8101,173,1.2220618954660403
amt_trend↑,sma20gap↓,12647,270,1.2216926960201238
amt20↓,sma20gap↓,21661,462,1.220532097672336
vol_dry↓,upr63↑,10872,231,1.2158731497277626
sma20gap↓,mom21↓,82886,1758,1.2137337294018253
sma60gap↓,mom12_1↓,31179,661,1.2131793497119336
max21↑,amihud63↓,6329,134,1.2115893146538346
turn20↑,dlow52↓,9326,197,1.2088058326516875
dd52↓,nh_fresh↑,20785,439,1.2086490728111792
rv_ratio↓,dd52↓,27682,584,1.2072608427879112
sma60gap↓,dd52↓,58962,1241,1.204440379080879
sma60gap↑,price↑,7890,166,1.203973191292325
dlow52↓,max21↑,7193,151,1.2013031581689722
sma60gap↓,ret5↓,43444,912,1.201298030689884
rv_ratio↑,price↓,19691,412,1.1973336156479462
mom63↓,ret5↓,33049,690,1.1947485152047959
amihud63↑,size↓,52103,1087,1.1938576481611418
sma20gap↓,obv63↑,18976,395,1.1911820921932128
amt_trend↓,bbw20↑,10962,228,1.1902296945195063
amt20↑,amihud63↓,58120,1207,1.188413006586996
mom63↓,mom12_1↓,36230,751,1.1861984024341856
mom21↑,mom63↑,4005,83,1.1859361397373838
amt_trend↓,dd52↓,32707,675,1.180996998086534
turn20↑,size↓,31405,648,1.180760836292298
dd52↑,ret5↑,12494,257,1.1771108248485473
obv63↓,price↓,18767,386,1.1770046605161288
sma20gap↑,dd52↑,10216,210,1.1763163739446354
amt_trend↓,ret5↓,24254,498,1.1749833197777413
sma20gap↑,zr20↑,4976,102,1.173020310609283
rv_ratio↑,mom21↑,4394,90,1.1721095074014949
dd52↓,zr20↑,13591,278,1.1705207455874909
rv_ratio↑,upr63↓,16152,330,1.1691584309630152
vol_dry↓,dd52↓,29350,598,1.1659470024464347
ret5↓,amihud63↓,19106,389,1.1651063245275617
vol_dry↓,turn20↑,29270,595,1.1632685189369816
amt20↓,sma60gap↓,31434,638,1.1614666970594982
ret5↑,nh_fresh↓,3646,74,1.1614507191705994
amt_trend↑,obv63↓,7256,147,1.1593265784664935
rv_ratio↓,ret5↓,23152,469,1.15923119832215
dd52↓,mom63↓,59360,1198,1.1549113717197437
sma20gap↑,nh_fresh↓,3495,70,1.1461371555763848
amt_trend↑,upr63↓,13814,276,1.143339906732396
amt_trend↑,mom12_1↓,14923,298,1.142735862096247
amt20↓,mom21↓,26444,526,1.13826747774108
vol_dry↓,obv63↓,11819,235,1.137818161197798
amt20↓,ret5↓,17266,343,1.1368106022137945
ret5↓,obv63↓,23511,467,1.136662444042199
turn20↑,zr20↑,7761,154,1.135504263526198
amt20↑,nh_fresh↑,4991,99,1.1350979950058877
amt_trend↓,mom12_1↓,16818,333,1.1330670679885853
amt20↓,vol_dry↑,13404,265,1.1313505350918258
sma20gap↓,mom63↓,47277,934,1.1305315786482284
sma20gap↓,sma60gap↓,69120,1363,1.1284384044233404
rv_ratio↑,mom12_1↑,5287,104,1.1256665495120222
dd52↓,obv63↓,37614,739,1.1242959597522444
rv_ratio↑,sma20gap↓,15507,304,1.1218415692975499
mom21↓,obv63↑,18725,367,1.1215792597042789
amt20↑,upr63↓,9257,181,1.1189071342641757
obv63↑,nh_fresh↓,3638,71,1.116815379213469
amt_trend↓,obv63↓,18962,370,1.1166146298112027
amt20↑,size↑,51296,999,1.1144682986645367
vol_dry↓,ret5↓,27068,527,1.1141410585275697
mom12_1↓,nh_fresh↑,19885,385,1.107951796483131
sma20gap↓,obv63↓,31463,608,1.105832070374542
sma60gap↓,upr63↓,52139,1007,1.105229593490653
dlow52↓,size↓,28535,551,1.1049928141707903
amt_trend↑,amihud63↑,28798,556,1.104836964600291
amt20↑,mom21↑,3367,65,1.1047295528790582
amt_trend↑,price↓,21263,410,1.1034306656654957
amt20↓,mom63↓,32625,628,1.1015262604437368
rv_ratio↓,sma20gap↓,35277,679,1.101447650870902
amt20↓,mom12_1↓,28126,541,1.1007153539064265
amt20↓,price↓,35071,674,1.0997588841372397
sma60gap↑,size↑,8133,156,1.0976390717945521
sma60gap↓,mom21↓,79166,1518,1.0972833804134003
rv_ratio↑,nh_fresh↑,7928,152,1.0971491684597063
vol_dry↑,nh_fresh↓,4908,94,1.095996157065752
rv_ratio↑,amt_trend↑,30498,584,1.0957897124419622
amt20↑,price↑,42360,810,1.0942455755358718
sma20gap↓,nh_fresh↑,12796,244,1.091192385491481
rv_ratio↑,ret5↓,16371,312,1.0905990557577536
mom12_1↓,zr20↑,13227,252,1.0902470470599586
mom12_1↑,amihud63↑,5680,108,1.0880808117300356
max21↑,nh_fresh↑,4314,82,1.0877258342162928
amt_trend↓,size↓,28228,535,1.0845745394267161
mom12_1↓,upr63↑,5706,108,1.0831228549994045
mom21↓,mom63↓,54194,1024,1.0812708163131428
rv_ratio↓,dd52↑,8468,160,1.081246874617576
amt_trend↓,upr63↓,32785,619,1.0804413399244988
amt_trend↓,amihud63↑,12091,228,1.0790917137807317
amt_trend↑,upr63↑,7291,137,1.0752741386588294
dlow52↓,amihud63↑,22964,431,1.0740276542269325
rv_ratio↓,mom12_1↓,16316,306,1.073231625200746
amt_trend↓,price↓,29626,555,1.0720269329548382
sma20gap↓,zr20↑,14701,275,1.0704627223156373
sma20gap↑,price↑,7166,134,1.070073789065604
amt_trend↑,size↓,25621,479,1.0698556110981525
size↓,zr20↑,16646,310,1.065706305426644
upr63↑,amihud63↓,22772,424,1.065492539776626
amt20↓,amt_trend↑,9196,171,1.0641010693227622
amt_trend↓,sma60gap↓,53752,998,1.062482156151528
price↓,nh_fresh↑,15316,284,1.0611058630395924
upr63↑,nh_fresh↑,6474,120,1.0607041860822095
amihud63↑,zr20↑,12885,238,1.0570079797993155
sma20gap↓,amihud63↓,21735,400,1.0531399280264129
vol_dry↓,size↑,5011,92,1.050628448852612
amt_trend↓,sma20gap↓,36361,667,1.049725499565556
amt_trend↑,nh_fresh↓,4200,77,1.0491248320508122
dlow52↓,ret5↑,4917,90,1.047437294187954
mom21↓,obv63↓,36217,661,1.0444188901529219
ret5↓,size↑,16058,293,1.0441476096566582
amt20↓,amihud63↑,37757,688,1.0427415763255827
rv_ratio↓,mom21↓,46561,848,1.0422197167497833
dd52↑,mom12_1↑,17426,317,1.040991741995057
amt_trend↓,size↑,9566,174,1.0408894424011632
mom63↓,upr63↓,55877,1016,1.0405102402162139
mom21↓,nh_fresh↑,14254,259,1.039797434217484
amt20↓,upr63↓,31207,565,1.0360534439103852
vol_dry↑,dlow52↓,15807,286,1.035386055544548
mom12_1↑,nh_fresh↑,4754,86,1.0352017694921387
price↓,zr20↑,18508,334,1.0326965063902724
vol_dry↓,dd52↑,3990,72,1.0326314136385302
sma20gap↑,size↑,7382,133,1.0310110785159825
ret5↓,nh_fresh↑,10840,195,1.0294163481209746
amt_trend↓,mom63↓,39275,706,1.0286656532763707
mom21↓,zr20↑,15974,287,1.0281440071886694
amihud63↓,nh_fresh↑,7656,137,1.0240104160085586
rv_ratio↑,sma60gap↑,4361,78,1.0235150849466972
rv_ratio↓,price↓,27122,485,1.0233065613516914
ret5↑,obv63↓,10069,180,1.0229911958530478
amt20↑,zr20↑,8292,148,1.021381891484806
sma60gap↓,mom63↓,82542,1464,1.014966763447626
vol_dry↑,obv63↓,14336,254,1.013891439253651
upr63↑,nh_fresh↓,9939,176,1.0133412202120733
vol_dry↑,mom21↑,4519,80,1.0130558236624954
sma60gap↓,zr20↑,17243,305,1.0122149397399662
vol_dry↑,amihud63↓,6844,121,1.0117217842687554
dd52↓,dlow52↓,47196,833,1.0100096908424365
rv_ratio↑,obv63↑,11785,208,1.009995595633443
amt20↑,sma60gap↓,13542,239,1.009952208724953
vol_dry↓,sma60gap↓,42950,755,1.0059340648090125
amt_trend↓,mom21↓,49363,866,1.0039268696532035
mom21↓,amihud63↓,22982,403,1.0034666829767422
ret5↓,zr20↑,12321,216,1.0032138642361177
rv_ratio↑,obv63↓,13475,236,1.002233605791162
vol_dry↓,sma20gap↓,42836,748,0.9992598082844603
sma20gap↑,obv63↓,4410,77,0.9991665067150592
upr63↓,nh_fresh↑,15595,271,0.9944195266050427
dd52↓,amihud63↓,9606,166,0.9888974057148079
mom63↓,zr20↑,17177,296,0.9861208178601631
amt_trend↓,nh_fresh↑,13529,233,0.9855438587862003
amt_trend↓,zr20↑,16496,284,0.9852023156107177
amt_trend↓,vol_dry↓,73720,1269,0.9850585102395901
rv_ratio↓,sma60gap↓,41785,718,0.9833084461529038
rv_ratio↓,obv63↑,26228,449,0.9796408756585218
sma60gap↓,obv63↓,50761,868,0.9785325751732503
mom63↓,nh_fresh↑,17685,302,0.9772093431393177
amt_trend↓,obv63↑,30160,515,0.9771508714242253
sma60gap↑,mom21↑,6562,112,0.9767142599791442
mom21↑,ret5↑,5161,88,0.9757409792373375
ret5↓,price↑,17074,291,0.9753117215759837
rv_ratio↑,upr63↑,8643,147,0.9732816907732126
turn20↓,mom12_1↑,14348,244,0.9731598665144264
dd52↑,amihud63↑,5588,95,0.9728658070361211
dlow52↓,price↓,33461,568,0.9713934071494815
vol_dry↓,mom21↓,46685,792,0.9708084554909517
rv_ratio↓,amt_trend↓,71402,1208,0.9681491965725796
dd52↑,price↓,5451,92,0.9658226301963748
vol_dry↓,mom12_1↓,17800,299,0.9612512506124398
mom12_1↓,obv63↓,28646,481,0.9608748374510939
size↓,nh_fresh↑,13354,224,0.9598920134765828
vol_dry↑,dd52↑,9381,157,0.9577149090442627
rv_ratio↓,size↑,18133,302,0.9530660802635434
obv63↑,zr20↑,10704,178,0.9516113947464563
vol_dry↓,mom63↓,30446,506,0.9510558156934381
rv_ratio↑,dlow52↓,17942,296,0.9440752027858668
dlow52↓,mom12_1↓,46015,755,0.9389300898304267
obv63↑,price↓,25530,418,0.9369387454272824
rv_ratio↓,nh_fresh↑,13134,215,0.9367575019349833
rv_ratio↓,size↓,25785,421,0.9343308568266793
sma20gap↓,size↑,17110,278,0.9297806810800462
vol_dry↓,upr63↓,32080,519,0.925803311892493
amihud63↑,nh_fresh↑,10280,166,0.9240611361183313
dd52↓,size↑,7634,123,0.9220164885006066
rv_ratio↓,vol_dry↓,59384,955,0.9202793050547982
amihud63↓,price↑,55493,892,0.9198401929704397
upr63↓,obv63↓,45908,737,0.9186812374410266
rv_ratio↑,amt20↑,7974,128,0.9185852555065596
amt_trend↑,nh_fresh↑,7049,113,0.9173533784681911
vol_dry↓,price↑,5929,95,0.9169124860377542
amt20↑,dd52↓,7745,124,0.9161909443580072
sma20gap↓,price↑,18372,294,0.9157493635263309
amt20↓,mom12_1↑,7504,120,0.9151117938028019
bbw20↓,dlow52↑,4383,70,0.9139286695732295
rv_ratio↓,upr63↓,29715,474,0.9128267089937773
amt20↓,nh_fresh↑,17308,276,0.9125316311301894
sma60gap↓,nh_fresh↑,16306,260,0.912455391768377
sma60gap↓,amihud63↓,20954,334,0.9121478925394273
vol_dry↑,zr20↑,10242,163,0.910727739384792
mom21↑,upr63↑,4338,69,0.9102176966114175
sma20gap↓,dlow52↓,34672,549,0.9061063674055501
mom12_1↓,obv63↑,12511,198,0.905646885632545
mom21↓,price↑,19568,309,0.903644836942599
mom63↓,obv63↓,60966,962,0.9029695434709194
amihud63↓,size↑,71374,1126,0.9027844829330883
rv_ratio↑,zr20↑,9736,153,0.899283442726755
dd52↑,ret5↓,4781,75,0.8976938533643883
upr63↓,zr20↑,22450,352,0.8972470723998037
mom21↓,size↑,18136,284,0.8961125605599028
amt20↑,obv63↓,13738,214,0.8914069034484594
vol_dry↓,price↓,35940,559,0.890060375043867
upr63↑,price↓,7734,120,0.887897452895814
nh_fresh↓,zr20↑,3426,53,0.8852669335884898
vol_dry↓,zr20↑,16550,256,0.8851720637352637
dlow52↓,mom21↓,37720,583,0.8844689729378534
dlow52↓,ret5↓,25349,390,0.8804192049888648
price↑,nh_fresh↓,6777,104,0.8781760435694351
sma20gap↑,mom21↑,7119,109,0.8761798007396738
amt20↓,amt_trend↓,34953,534,0.8742638717162533
rv_ratio↓,amihud63↑,14510,220,0.8676428659276186
size↑,price↑,60629,915,0.8636274162168058
nh_fresh↑,zr20↑,11807,178,0.8627126593856245
obv63↓,nh_fresh↑,19204,289,0.8611759192100643
obv63↑,nh_fresh↑,7910,119,0.8609069418276979
upr63↑,size↓,7133,107,0.8584149754363476
amt_trend↓,price↑,10167,152,0.8555324685303975
amihud63↓,zr20↑,12202,182,0.8535443642618102
rv_ratio↓,price↑,17614,262,0.8511949358381642
rv_ratio↓,zr20↑,19469,289,0.8494541246345512
upr63↑,amihud63↑,8644,128,0.8473853340362456
vol_dry↓,nh_fresh↑,12276,181,0.8437376459663957
upr63↑,size↑,24965,366,0.8389483936360299
obv63↑,size↓,30346,444,0.8372733122182836
sma60gap↓,dlow52↓,49789,725,0.8332788037191554
upr63↑,price↑,22662,329,0.830774953052488
bbw20↑,max21↓,4070,59,0.82955146425282
rv_ratio↓,mom63↓,28087,407,0.8292295820674345
amt20↑,dd52↑,14172,205,0.827767649027852
size↑,nh_fresh↑,8392,121,0.8250981758264252
vol_dry↓,obv63↑,39933,570,0.8168243001604455
dd52↑,nh_fresh↓,13618,194,0.8152186975174204
upr63↓,amihud63↓,10546,150,0.813934062760315
dlow52↓,mom63↓,51811,735,0.8118038305912717
vol_dry↓,size↓,39683,561,0.8089917561866505
amt20↓,zr20↑,24277,343,0.8085089532406549
sma60gap↓,obv63↑,11299,159,0.8052724615826621
size↑,nh_fresh↓,7296,102,0.8000204311392258
amt20↑,mom63↓,10758,150,0.7978944623415394
obv63↑,amihud63↑,25582,356,0.7963449589059548
dlow52↓,upr63↓,42619,593,0.796227494019268
amt_trend↑,dlow52↓,15551,215,0.7911628210670741
amt20↓,vol_dry↓,29273,404,0.7897686024326385
upr63↑,zr20↑,8673,119,0.7851693658315565
dd52↑,mom21↑,5281,72,0.7801930203404156
upr63↓,obv63↑,12286,167,0.7778425419286651
mom12_1↓,amihud63↓,6639,90,0.775756766911006
amt20↓,obv63↓,34383,463,0.770589266745764
obv63↓,zr20↑,21761,293,0.7705033002098532
turn20↓,amihud63↑,5209,70,0.769005444181122
mom63↓,amihud63↓,17570,236,0.7686452952780826
amt_trend↑,obv63↑,17995,241,0.7663919306602714
bbw20↓,dd52↓,13840,185,0.7649294295693652
dd52↓,max21↓,18630,249,0.7648428727291824
turn20↓,ret5↑,11079,147,0.7592809507494247
amt20↓,upr63↑,12597,167,0.7586388402108105
amt20↑,mom12_1↓,4999,66,0.7555209832732395
amt_trend↑,zr20↑,9744,127,0.7458511737038354
sma60gap↓,size↑,16348,212,0.742090656832436
amt20↓,obv63↑,15214,197,0.7409835148750912
upr63↑,obv63↓,3047,39,0.7324498335169916
rv_ratio↓,obv63↓,20879,264,0.7235690206203216
vol_dry↑,size↑,8107,102,0.7199887832233616
vol_dry↓,amihud63↑,24742,310,0.7169892151051619
dd52↓,price↑,10332,128,0.7089429759397317
amt20↓,dlow52↓,43637,540,0.7081489344623373
dlow52↓,nh_fresh↑,25899,320,0.7070542132330696
max21↓,size↓,14772,182,0.7050465971244657
turn20↓,dd52↓,11653,141,0.6924160051761834
mom63↓,obv63↑,6624,80,0.6911230777673335
amt_trend↑,dd52↑,5621,67,0.6820982718772566
dd52↑,upr63↑,24005,286,0.6817891014368953
bbw20↓,mom63↑,5652,67,0.6783571100888286
sma60gap↓,price↑,18526,219,0.6764694480066183
rv_ratio↓,amt20↓,29693,351,0.6764547800672367
turn20↑,bbw20↓,3416,40,0.6700818599430353
obv63↓,amihud63↓,23369,273,0.6685105267270277
mom63↑,max21↓,3863,45,0.666612629500669
bbw20↓,mom12_1↑,11089,129,0.6657069003741043
turn20↓,mom21↓,15765,183,0.6642672580755943
mom63↓,size↑,15002,173,0.6599069067571252
dd52↑,amihud63↓,18525,213,0.6579715545876276
size↑,zr20↑,14359,165,0.6575752829902716
amt_trend↓,dlow52↓,22715,261,0.6575268593006511
rv_ratio↑,nh_fresh↓,4824,55,0.6524408159519977
amt_trend↓,bbw20↓,26465,297,0.642199972764903
bbw20↓,ret5↑,10798,121,0.6412505919184442
sma20gap↓,max21↓,24321,272,0.6399900295318769
vol_dry↓,dlow52↓,21473,240,0.6395938062400434
bbw20↓,obv63↑,13693,153,0.6394087196660839
mom21↑,price↑,3252,36,0.6334869834590613
turn20↓,sma20gap↓,12476,138,0.6329792189644644
bbw20↓,price↓,22141,244,0.630635371697258
vol_dry↑,price↑,8454,93,0.6295155131345606
price↑,nh_fresh↑,10206,112,0.627983438563898
max21↓,price↓,21707,236,0.6221540442270195
bbw20↓,mom12_1↓,18691,203,0.6215115906235327
upr63↓,size↑,10124,109,0.6161126038587256
rv_ratio↓,dlow52↓,24075,258,0.6132522382760908
mom12_1↓,size↑,7373,79,0.6131526212249669
mom21↓,max21↓,33798,360,0.6095330108908419
mom12_1↑,max21↓,12703,135,0.6081534884108678
bbw20↓,nh_fresh↑,20434,217,0.6077039743609837
mom21↑,size↑,3493,37,0.6061622276117958
dlow52↓,zr20↑,26570,281,0.6052021989385394
amt_trend↓,turn20↓,16737,177,0.6051755618406485
rv_ratio↑,vol_dry↓,8077,84,0.595134236781894
dlow52↓,obv63↓,53562,555,0.5929552652201195
vol_dry↓,turn20↓,8369,86,0.5880450725493641
rv_ratio↓,turn20↓,23181,238,0.5875306423240663
ret5↓,max21↓,15858,161,0.5809826917077039
mom12_1↓,max21↓,17245,175,0.5807117075586351
dd52↑,price↑,19713,199,0.5776783430724854
vol_dry↑,bbw20↓,13519,136,0.5756785823006427
max21↓,obv63↑,11156,111,0.5693773738924354
max21↓,nh_fresh↑,19191,190,0.5665545442882439
rv21↓,dd52↓,12594,124,0.5634348788353792
rv_ratio↓,bbw20↓,35350,348,0.5633464444701288
dd52↑,zr20↑,12400,122,0.5630200711592335
rv21↓,amt_trend↑,6950,68,0.5598991909440567
bbw20↓,size↓,16714,163,0.5580754760547469
rv21↓,size↓,13815,134,0.5550596288414128
amt20↑,max21↓,12375,119,0.5502847603924922
obv63↓,size↑,27178,261,0.5495519394000401
amt_trend↑,vol_dry↓,9703,93,0.5484823403112001
sma60gap↓,max21↓,33426,319,0.5461249350111929
amt_trend↑,max21↓,4840,46,0.5438738798760784
ret5↑,max21↓,5899,56,0.543244530766498
bbw20↓,amihud63↑,12979,123,0.5423124950468935
mom63↓,price↑,17129,158,0.5278503445959113
turn20↓,mom12_1↓,15794,145,0.5253655610785491
turn20↓,sma20gap↑,6760,62,0.5248445905364472
dd52↑,size↑,22964,210,0.5233081377903848
vol_dry↑,max21↓,10501,96,0.5231500924251957
turn20↓,nh_fresh↑,13998,127,0.5191865864102136
turn20↓,ret5↓,11473,103,0.5137430538159964
rv_ratio↑,amihud63↓,5464,49,0.5131816528399754
upr63↓,price↑,12076,108,0.5117836212840844
sma20gap↑,bbw20↓,6732,60,0.5100266563202782
rv21↓,price↓,21172,187,0.5054351637501551
turn20↓,sma60gap↓,18797,166,0.5053651369525162
bbw20↓,ret5↓,9297,81,0.49857204022479856
max21↓,amihud63↑,9767,85,0.49801619958293164
rv_ratio↑,dd52↑,7472,65,0.49780840531902953
vol_dry↓,bbw20↓,20748,180,0.4964574104031395
price↑,zr20↑,14375,124,0.4936277470645402
sma60gap↑,bbw20↓,4326,37,0.48944166922052773
rv_ratio↓,max21↓,46176,392,0.4857977392788679
amt_trend↓,max21↓,33373,282,0.4835480003786333
dlow52↓,obv63↑,11390,96,0.4823177454395944
max21↓,upr63↓,25655,213,0.4751090644605652
rv_ratio↑,bbw20↓,7835,65,0.4747446591632149
rv21↓,amihud63↑,9578,79,0.47199564379741926
rv21↓,obv63↑,10975,90,0.4692709954917694
obv63↓,price↑,28708,233,0.4644497305809706
sma60gap↓,bbw20↓,16330,132,0.4625657557113195
amt_trend↑,bbw20↓,8958,71,0.4535581993278187
rv_ratio↑,size↑,6377,50,0.448682694363613
rv21↓,vol_dry↑,12059,92,0.436578419205609
amt20↓,turn20↓,38842,296,0.43608972988991357
bbw20↓,mom21↓,11158,85,0.4359315487835179
rv21↓,sma20gap↓,12100,92,0.43509910390086276
bbw20↓,upr63↓,21557,163,0.43269812621325043
mom63↓,max21↓,29913,226,0.4323487423409406
rv21↓,nh_fresh↑,19595,144,0.4205357836609069
amt20↓,dd52↑,12756,93,0.41720948165879385
vol_dry↓,max21↓,25394,185,0.41689467217610515
rv21↓,amt_trend↓,26403,191,0.41396709655246844
rv_ratio↑,max21↓,4725,34,0.4117777118583274
turn20↓,mom63↑,5155,37,0.41073223298700345
amt20↓,max21↓,43977,315,0.4098931740302338
rv21↓,sma60gap↓,21282,151,0.4060226302372623
rv21↓,ret5↑,7925,56,0.40436586586644435
rv21↓,mom21↓,17221,121,0.40208024455811864
rv21↓,ret5↓,9574,67,0.40046734763129926
amt20↓,bbw20↓,42146,292,0.39647172507539225
max21↓,amihud63↓,24214,164,0.3875815023382413
turn20↓,mom63↓,20466,138,0.3858618555555878
rv21↓,rv_ratio↓,40513,273,0.3856150494676749
bbw20↓,zr20↑,30189,203,0.38479820929293607
sma20gap↓,bbw20↓,7021,47,0.38307571135726465
turn20↓,price↓,8204,54,0.37666376222736486
dd52↑,obv63↓,7021,46,0.37492516430711004
turn20↓,upr63↓,18316,120,0.37491804437083565
bbw20↓,upr63↑,22199,145,0.3737836691596291
turn20↓,zr20↑,24913,162,0.37211289350700055
rv21↓,rv_ratio↑,5152,33,0.36654206088731794
amt20↑,bbw20↓,13645,87,0.3648643607918478
rv21↓,sma20gap↑,4942,31,0.35895886604880445
rv21↓,mom12_1↓,16361,102,0.3567599208845298
dlow52↓,upr63↑,7381,46,0.35663860975480555
turn20↓,upr63↑,22691,141,0.35559136698770727
rv21↓,upr63↓,24171,150,0.35512592056060077
rv_ratio↑,price↑,6618,41,0.35452170208590866
dlow52↓,max21↓,53165,327,0.3519716355571751
max21↓,zr20↑,29387,180,0.350512075102744
turn20↓,size↑,44112,270,0.3502617774430202
turn20↓,price↑,37985,232,0.3495115933836875
bbw20↓,amihud63↓,25103,152,0.3465003628071765
mom12_1↓,price↑,9622,58,0.34494382339117047
turn20↓,obv63↓,42578,247,0.33196892144455814
bbw20↓,mom63↓,21018,120,0.32671990202189677
rv21↓,vol_dry↓,19805,113,0.32650461826923904
rv21↓,mom12_1↑,8274,47,0.32506339973886333
rv21↓,amt20↓,45672,258,0.32326255991629194
max21↓,upr63↑,21084,118,0.3202688730325344
max21↓,obv63↓,42775,238,0.31839971524755534
max21↓,size↑,30578,170,0.31814534772231623
bbw20↓,dlow52↓,46203,248,0.30716182343366305
bbw20↓,obv63↓,38224,205,0.3069046442555127
bbw20↓,max21↓,67422,350,0.29706545035296084
bbw20↓,dd52↑,28150,146,0.2967974658086587
turn20↓,amihud63↓,27786,144,0.2965665688057105
rv21↓,mom63↓,22135,114,0.2947209828624989
max21↓,price↑,28070,144,0.29356603779249985
vol_dry↑,turn20↓,9975,51,0.2925789005309169
rv21↓,zr20↑,32106,163,0.2905274249915604
bbw20↓,size↑,32987,166,0.2879724885347696
rv21↓,bbw20↓,79635,392,0.28168765503787285
amt20↑,turn20↓,15495,76,0.28067759301544215
rv21↓,max21↓,89154,427,0.2740771147487576
rv21↓,dlow52↓,52715,248,0.26921744718022445
turn20↓,dlow52↓,39475,181,0.2623869117639892
turn20↓,bbw20↓,59323,263,0.2536987777201517
bbw20↓,price↑,29618,125,0.2415127238467115
rv21↓,obv63↓,41093,170,0.23673736263239445
turn20↓,max21↓,58736,242,0.23577444468589487
amt20↑,dlow52↓,8038,33,0.2349371358163053
rv21↓,amt20↑,11487,46,0.22915901267521718
dd52↑,max21↓,21357,76,0.20363811882634622
dlow52↓,amihud63↓,14999,53,0.20220844819482406
rv21↓,turn20↓,64312,225,0.2002056060891501
turn20↓,dd52↑,26968,89,0.18885435273965565
rv21↓,amihud63↓,23158,75,0.18533009383086368
rv21↓,dd52↑,25944,84,0.18527980382698725
rv21↓,upr63↑,20111,62,0.1764183497601503
rv21↓,size↑,31253,91,0.16662317749852187
dlow52↓,size↑,18446,49,0.15201260712987236
rv21↓,price↑,28783,75,0.14911143080759964
dlow52↓,price↑,19493,38,0.11155541229606208
