cagr,vol,sharpe,mdd,score,N,k,weight,cost
0.12713591858425222,0.14452231572883117,0.8796974913050712,-0.19681579806790805,조용함(lv60+to20),10,20,equal,0.0
0.05833745535400081,0.14452231572883117,0.40365707579347143,-0.20505204641691455,조용함(lv60+to20),10,20,equal,0.005
0.1544519236793065,0.14078112424085937,1.0971067642211612,-0.17968351575278085,조용함(lv60+to20),10,20,rank,0.0
0.08399277699434005,0.14078112424085937,0.5966195926283315,-0.18809109263492507,조용함(lv60+to20),10,20,rank,0.005
0.1230388290578448,0.13906010444905711,0.8847888439701158,-0.17656022598319954,조용함(lv60+to20),10,20,invvol,0.0
0.054489690784033984,0.13906010444905711,0.39184272872451054,-0.18499895792009824,조용함(lv60+to20),10,20,invvol,0.005
0.14870354748181724,0.14473573365399123,1.027414196395422,-0.1835450858147636,조용함(lv60+to20),10,40,equal,0.0
0.1130989737166812,0.14473573365399123,0.7814170755306244,-0.18774018144059013,조용함(lv60+to20),10,40,equal,0.005
0.1678139883339107,0.1434471050677635,1.1698666784152698,-0.18419223526297956,조용함(lv60+to20),10,40,rank,0.0
0.13161944031660533,0.1434471050677635,0.9175468564139314,-0.18686057879882423,조용함(lv60+to20),10,40,rank,0.005
0.1378946152880589,0.13876195916715564,0.9937494116953774,-0.1687463177040146,조용함(lv60+to20),10,40,invvol,0.0
0.10262388318411042,0.13876195916715564,0.7395678455396228,-0.17156675604777039,조용함(lv60+to20),10,40,invvol,0.005
0.088097923170249,0.1459938445594786,0.6034358738621851,-0.22144631186052421,조용함(lv60+to20),20,20,equal,0.0
0.021673210630596795,0.1459938445594786,0.14845290701120636,-0.23569736407634923,조용함(lv60+to20),20,20,equal,0.005
0.109929543354649,0.14215058030384062,0.7733316537975394,-0.20589326125305896,조용함(lv60+to20),20,20,rank,0.0
0.04217740767411904,0.14215058030384062,0.2967093597786705,-0.21403862514043726,조용함(lv60+to20),20,20,rank,0.005
0.07902961221649774,0.14095780068742245,0.5606615017479447,-0.20479752917674432,조용함(lv60+to20),20,20,invvol,0.0
0.013156554766298845,0.14095780068742245,0.09333683345041573,-0.21875265039078906,조용함(lv60+to20),20,20,invvol,0.005
0.10580538742215184,0.1447591983205377,0.7309061437869313,-0.21090581704634126,조용함(lv60+to20),20,40,equal,0.0
0.071525362484536,0.1447591983205377,0.49409891263806716,-0.21897738657565724,조용함(lv60+to20),20,40,equal,0.005
0.1306940134838872,0.14281765771728824,0.9151110273955049,-0.1918392403707323,조용함(lv60+to20),20,40,rank,0.0
0.09564552674658522,0.14281765771728824,0.6697037906609444,-0.19599269693307875,조용함(lv60+to20),20,40,rank,0.005
0.0934523632325297,0.13965579442156986,0.6691620896905368,-0.19524326630400146,조용함(lv60+to20),20,40,invvol,0.0
0.05955389137080824,0.13965579442156986,0.4264333722597774,-0.20347301352629765,조용함(lv60+to20),20,40,invvol,0.005
0.10375263869843532,0.15405754544083197,0.6734667776352637,-0.23189117182277463,조용함(lv60+to20),40,20,equal,0.0
0.0363756464628151,0.15405754544083197,0.23611726617302037,-0.2475307250844585,조용함(lv60+to20),40,20,equal,0.005
0.09730597249280382,0.14700103773626758,0.6619407181830855,-0.218845507766264,조용함(lv60+to20),40,20,rank,0.0
0.030321272741850258,0.14700103773626755,0.20626570539079608,-0.23474738785887628,조용함(lv60+to20),40,20,rank,0.005
0.09439742456366385,0.14721585708161958,0.6412177766375257,-0.21762494376849573,조용함(lv60+to20),40,20,invvol,0.0
0.027589587807364202,0.14721585708161958,0.18740907640178975,-0.2335512609303274,조용함(lv60+to20),40,20,invvol,0.005
0.11089364134650426,0.15530435733489642,0.7140407600243602,-0.22718803399706555,조용함(lv60+to20),40,40,equal,0.0
0.07645628179461683,0.15530435733489642,0.49229965666544334,-0.2350951528132038,조용함(lv60+to20),40,40,equal,0.005
0.11058562314094322,0.14707787046435433,0.751884853865522,-0.2089688989850681,조용함(lv60+to20),40,40,rank,0.0
0.0761579443122673,0.14707787046435433,0.5178069554027496,-0.21706005844698972,조용함(lv60+to20),40,40,rank,0.005
0.10354149268758372,0.14826966619916973,0.698332270799727,-0.21326039142298558,조용함(lv60+to20),40,40,invvol,0.0
0.06933130384719122,0.14826966619916973,0.4676027512873665,-0.22130817185259033,조용함(lv60+to20),40,40,invvol,0.005
0.1688037791937611,0.16243814947914323,1.0391880216256417,-0.214032526664916,조용함+nh252,10,20,equal,0.0
0.09747118346020689,0.16243814947914326,0.6000510580349969,-0.22190212359119765,조용함+nh252,10,20,equal,0.005
0.2063735231207493,0.17097388156241197,1.207047071955345,-0.23733624249955754,조용함+nh252,10,20,rank,0.0
0.13275657644020233,0.17097388156241197,0.7764728461858142,-0.24516724651580646,조용함+nh252,10,20,rank,0.005
0.16852802479265594,0.15473603498497962,1.089132371842248,-0.18712710701463864,조용함+nh252,10,20,invvol,0.0
0.09721252905466038,0.15473603498497962,0.6282475123787222,-0.1952590984152257,조용함+nh252,10,20,invvol,0.005
0.16590485343188166,0.15993788094547956,1.037308062674884,-0.22173968419818846,조용함+nh252,10,40,equal,0.0
0.12976888571340228,0.15993788094547956,0.8113705455284765,-0.22564646378403963,조용함+nh252,10,40,equal,0.005
0.1985317115512666,0.17000362579639802,1.1678086900866147,-0.24075911374497172,조용함+nh252,10,40,rank,0.0
0.16138826915730142,0.17000362579639802,0.9493225123950318,-0.24324957398107538,조용함+nh252,10,40,rank,0.005
0.17106411018132306,0.15232663995655316,1.1230084916867742,-0.19431005368759668,조용함+nh252,10,40,invvol,0.0
0.13476903276829222,0.15232663995655316,0.884737120222249,-0.19694659503000977,조용함+nh252,10,40,invvol,0.005
0.19329331539875505,0.15580062373506845,1.2406453245491567,-0.16654139163012316,조용함+nh252,20,20,equal,0.0
0.12047221219217419,0.15580062373506845,0.7732460198428439,-0.18196010077915503,조용함+nh252,20,20,equal,0.005
0.1942838884937832,0.158665559235,1.2244868352685714,-0.1926525197066673,조용함+nh252,20,20,rank,0.0
0.12140244457474969,0.15866555923499998,0.7651467978311551,-0.2003308938535323,조용함+nh252,20,20,rank,0.005
0.19087064542589927,0.14654836212667455,1.3024413419299297,-0.15430197418744684,조용함+nh252,20,20,invvol,0.0
0.11819721275096184,0.14654836212667455,0.8065406602688174,-0.16236486270459705,조용함+nh252,20,20,invvol,0.005
0.180201828896142,0.1576921149409624,1.1427447020011552,-0.18141161552958873,조용함+nh252,20,40,equal,0.0
0.14362453505143247,0.1576921149409624,0.9107908477554718,-0.18998386769564668,조용함+nh252,20,40,equal,0.005
0.18284304850693212,0.15849713323197423,1.1536047673450696,-0.20293958150027935,조용함+nh252,20,40,rank,0.0
0.14618419937171034,0.15849713323197423,0.9223144696109876,-0.20578089517455633,조용함+nh252,20,40,rank,0.005
0.17510813411515813,0.14929128890014365,1.1729293477550629,-0.1623713780945677,조용함+nh252,20,40,invvol,0.0
0.138688274742925,0.14929128890014365,0.9289776768937223,-0.16574352034730422,조용함+nh252,20,40,invvol,0.005
0.2134615333046881,0.16005070947781863,1.33371188419675,-0.1743540308169762,조용함+nh252,40,20,equal,0.0
0.13941423249655638,0.16005070947781863,0.8710628834536828,-0.19155510424385191,조용함+nh252,40,20,equal,0.005
0.2011963679345492,0.1562183217098329,1.2879178686112156,-0.16648622974549265,조용함+nh252,40,20,rank,0.0
0.12789481826874827,0.1562183217098329,0.8186928195676432,-0.18302970529046791,조용함+nh252,40,20,rank,0.005
0.19393948107337877,0.14969889534944408,1.2955304754965848,-0.1606365390122978,조용함+nh252,40,20,invvol,0.0
0.12107935640978296,0.14969889534944408,0.8088193044253655,-0.1781196748917796,조용함+nh252,40,20,invvol,0.005
0.19659869018193055,0.16257233719891254,1.209299771223598,-0.19142275758554883,조용함+nh252,40,40,equal,0.0
0.15951510178326345,0.16257233719891254,0.9811946148506897,-0.19989145846730605,조용함+nh252,40,40,equal,0.005
0.1889911444422694,0.15833323626503024,1.1936290124577609,-0.1799735685430487,조용함+nh252,40,40,rank,0.0
0.1521425016616429,0.15833323626503024,0.9609005995871592,-0.18856071905600402,조용함+nh252,40,40,rank,0.005
0.17564233479598812,0.15220769882628502,1.1539648529635094,-0.17169115061626428,조용함+nh252,40,40,invvol,0.0
0.1392059206841374,0.15220769882628502,0.9145787089456849,-0.18036385506818697,조용함+nh252,40,40,invvol,0.005
0.11273870614084802,0.14533237106887142,0.7757301784295694,-0.1790199132515573,조용함v2(to20+hl+volvol),10,20,equal,0.0
0.044815639985025246,0.14533237106887142,0.30836653703108996,-0.1957222120274288,조용함v2(to20+hl+volvol),10,20,equal,0.005
0.12757590309334255,0.14461754109705757,0.8821606433463156,-0.15312738108694035,조용함v2(to20+hl+volvol),10,20,rank,0.0
0.058750690908156766,0.14461754109705757,0.406248719639945,-0.16492759624867703,조용함v2(to20+hl+volvol),10,20,rank,0.005
0.10042624400147249,0.13991559161965192,0.7177630658523911,-0.16437477989990168,조용함v2(to20+hl+volvol),10,20,invvol,0.0
0.03325207324019286,0.13991559161965192,0.23765809696595974,-0.18137124357865908,조용함v2(to20+hl+volvol),10,20,invvol,0.005
0.1254373375809883,0.14964679960119778,0.8382226543786659,-0.19290290297641544,조용함v2(to20+hl+volvol),10,40,equal,0.0
0.09055102085177236,0.14964679960119778,0.6050982787008268,-0.2011562811156018,조용함v2(to20+hl+volvol),10,40,equal,0.005
0.13271416061173946,0.14652264487531652,0.9057587018352871,-0.17265187084720446,조용함v2(to20+hl+volvol),10,40,rank,0.0
0.09760322475960481,0.14652264487531652,0.666130650608036,-0.1811097570556114,조용함v2(to20+hl+volvol),10,40,rank,0.005
0.1073409406978365,0.14289677738328574,0.7511781767472658,-0.17616421178256825,조용함v2(to20+hl+volvol),10,40,invvol,0.0
0.07301353472601013,0.14289677738328574,0.5109529834264152,-0.1845865683447041,조용함v2(to20+hl+volvol),10,40,invvol,0.005
0.12513911622953544,0.15027246474058611,0.832748144815232,-0.20207255633068655,조용함v2(to20+hl+volvol),20,20,equal,0.0
0.056461838592697156,0.15027246474058611,0.37572976985615214,-0.2185070714518038,조용함v2(to20+hl+volvol),20,20,equal,0.005
0.11939049048114003,0.14560066291211116,0.8199858990560204,-0.18040131700620687,조용함v2(to20+hl+volvol),20,20,rank,0.0
0.05106294265960587,0.14560066291211116,0.3507054270105141,-0.19707592869223178,조용함v2(to20+hl+volvol),20,20,rank,0.005
0.11522971251444147,0.14189638975197652,0.8120693748153406,-0.18360365228846431,조용함v2(to20+hl+volvol),20,20,invvol,0.0
0.04715530175622429,0.14189638975197652,0.33232206850821194,-0.20041374149127122,조용함v2(to20+hl+volvol),20,20,invvol,0.005
0.12494909817756361,0.15232849822975583,0.8202608154719934,-0.21321434613565138,조용함v2(to20+hl+volvol),20,40,equal,0.0
0.09007779922478121,0.15232849822975583,0.5913391142930957,-0.22126261065759456,조용함v2(to20+hl+volvol),20,40,equal,0.005
0.12936156389817044,0.14839360551886763,0.871746214709519,-0.19676074872891247,조용함v2(to20+hl+volvol),20,40,rank,0.0
0.094354104787983,0.14839360551886763,0.6358367293392995,-0.20497519216852766,조용함v2(to20+hl+volvol),20,40,rank,0.005
0.1132013991150258,0.14366136518429934,0.7879738506577795,-0.19476005527764495,조용함v2(to20+hl+volvol),20,40,invvol,0.0
0.07869301605560475,0.1436613651842993,0.5477674248372315,-0.20299465832660535,조용함v2(to20+hl+volvol),20,40,invvol,0.005
0.13886787310337967,0.15678144246031633,0.8857417748183376,-0.20330396246811921,조용함v2(to20+hl+volvol),40,20,equal,0.0
0.06935557669665737,0.15678144246031633,0.4423710842832198,-0.2195183675687331,조용함v2(to20+hl+volvol),40,20,equal,0.005
0.12884851404568898,0.15077624796810327,0.8545677172769739,-0.2008801364033297,조용함v2(to20+hl+volvol),40,20,rank,0.0
0.05994566984034888,0.15077624796810327,0.3975803261335326,-0.21714316162646075,조용함v2(to20+hl+volvol),40,20,rank,0.005
0.13017864662809453,0.14712183879102092,0.884835641654851,-0.18812123990883722,조용함v2(to20+hl+volvol),40,20,invvol,0.0
0.06119507116400591,0.14712183879102092,0.41594824851890544,-0.20497733475090119,조용함v2(to20+hl+volvol),40,20,invvol,0.005
0.14085359264633168,0.1597821938290396,0.8815349775272159,-0.21295975424795788,조용함v2(to20+hl+volvol),40,40,equal,0.0
0.1054910625565797,0.1597821938290396,0.6602178880423359,-0.22101063291134382,조용함v2(to20+hl+volvol),40,40,equal,0.005
0.13308848225208147,0.15358726713690804,0.8665333053517131,-0.21017050961259598,조용함v2(to20+hl+volvol),40,40,rank,0.0
0.09796584124931518,0.15358726713690804,0.6378513211123693,-0.21824950936190757,조용함v2(to20+hl+volvol),40,40,rank,0.005
0.1256884407336778,0.14997505878415993,0.8380622868404087,-0.19750950548418011,조용함v2(to20+hl+volvol),40,40,invvol,0.0
0.09079436223343373,0.14997505878415993,0.6053964103731577,-0.20575014898809818,조용함v2(to20+hl+volvol),40,40,invvol,0.005
