inv,w,norm,uni,h,n,ic,lo,hi,pos
foreign,5,amt,전체,5,70,-0.009577925636771761,-0.038583191141476555,0.0200602486297307,0.5285714285714286
foreign,5,amt,전체,10,65,-0.02861512779786435,-0.06290685090667007,0.0059393808718339915,0.4153846153846154
foreign,5,amt,전체,20,55,-0.026120169622933193,-0.06253263904075616,0.007713309757009442,0.38181818181818183
foreign,5,amt,대형30%,5,70,-0.0034357229944933293,-0.05048167854908251,0.03419053067690823,0.5571428571428572
foreign,5,amt,대형30%,10,65,-0.03177436615371874,-0.07368592492864279,0.005874752015512339,0.4461538461538462
foreign,5,amt,대형30%,20,55,-0.00930360296286049,-0.045223864462867046,0.03210153234616165,0.4
foreign,5,amt,중소형,5,60,-0.023304841662245123,-0.05035083155133852,0.012092420374630361,0.4
foreign,5,amt,중소형,10,55,-0.03146485278750076,-0.07527333803822653,0.014774440677466921,0.41818181818181815
foreign,5,amt,중소형,20,45,-0.04314280201381835,-0.09452586635325007,0.021505805958108914,0.3333333333333333
foreign,5,mcap,전체,5,70,-0.0004370012070717791,-0.03164061933273796,0.03329278798453635,0.5428571428571428
foreign,5,mcap,전체,10,65,-0.021750591989890093,-0.05813913916143011,0.015990991681634655,0.4153846153846154
foreign,5,mcap,전체,20,55,-0.02335150243128941,-0.06533319605112631,0.02077316120289517,0.43636363636363634
foreign,5,mcap,대형30%,5,70,-0.009766307788004743,-0.05847407332752664,0.025310390102052972,0.5714285714285714
foreign,5,mcap,대형30%,10,65,-0.04273276249511864,-0.0886066537583148,-0.0015972725478248383,0.4153846153846154
foreign,5,mcap,대형30%,20,55,-0.022193323152435995,-0.06209469782230213,0.013863008224305366,0.43636363636363634
foreign,5,mcap,중소형,5,60,-0.0015874313833020427,-0.034717460915179424,0.040178303428854256,0.55
foreign,5,mcap,중소형,10,55,-0.011982057306746235,-0.055219724806973444,0.03448831574366471,0.4727272727272727
foreign,5,mcap,중소형,20,45,-0.02531264732384477,-0.07899034986685338,0.04138091391870684,0.4
foreign,5,none,전체,5,70,-0.005996030645963557,-0.038864906516296774,0.029031028977195037,0.5285714285714286
foreign,5,none,전체,10,65,-0.02257764486119109,-0.05724567920295294,0.007945844809202716,0.36923076923076925
foreign,5,none,전체,20,55,-0.017148720915467614,-0.055034713414551434,0.021819348402334463,0.41818181818181815
foreign,5,none,대형30%,5,70,-0.00877764335486809,-0.04969256905653308,0.02965301809673219,0.5142857142857142
foreign,5,none,대형30%,10,65,-0.0363274646057364,-0.07395755678491185,-0.0010991175826882244,0.4153846153846154
foreign,5,none,대형30%,20,55,-0.009763470730473855,-0.04307163672576136,0.02738002640803443,0.45454545454545453
foreign,5,none,중소형,5,60,-0.010323097141888353,-0.04382401963797938,0.030219594066237983,0.4666666666666667
foreign,5,none,중소형,10,55,-0.018275506136990083,-0.06423840330741393,0.03228842413502469,0.4727272727272727
foreign,5,none,중소형,20,45,-0.027628916025750336,-0.08505665628671662,0.039495086617826886,0.4222222222222222
foreign,20,amt,전체,5,70,-0.02788703499388816,-0.05334904446877373,-0.002934061885746194,0.32857142857142857
foreign,20,amt,전체,10,65,-0.040104195523959774,-0.07539992169328892,-0.009548366960965334,0.2153846153846154
foreign,20,amt,전체,20,55,-0.042603113097152895,-0.08080240872331199,-0.003340285677772282,0.2545454545454545
foreign,20,amt,대형30%,5,70,-0.008985808410144272,-0.03743490186065518,0.011060472322434844,0.45714285714285713
foreign,20,amt,대형30%,10,65,-0.009796604708865274,-0.03496556395256997,0.009193651750953425,0.35384615384615387
foreign,20,amt,대형30%,20,55,-0.000733330839764636,-0.024251829638590926,0.030093145980637927,0.4727272727272727
foreign,20,amt,중소형,5,60,-0.04394946224364537,-0.07571849238108473,-0.0034690401461753254,0.3
foreign,20,amt,중소형,10,55,-0.06244108770255762,-0.1060465516001577,-0.018073573904220198,0.2
foreign,20,amt,중소형,20,45,-0.06749686240057587,-0.1204391397507865,0.0006807437505329347,0.28888888888888886
foreign,20,mcap,전체,5,70,-0.014523543001592084,-0.041184086981218206,0.009586974674169753,0.4142857142857143
foreign,20,mcap,전체,10,65,-0.03041392082448742,-0.06616357744385058,0.004749593214047681,0.2923076923076923
foreign,20,mcap,전체,20,55,-0.03271827253837458,-0.07719052169445746,0.011144815762714278,0.32727272727272727
foreign,20,mcap,대형30%,5,70,-0.004781311493907744,-0.02912391364468599,0.012550630859131922,0.5285714285714286
foreign,20,mcap,대형30%,10,65,-0.015025543251544768,-0.043044326363782685,0.00816726684541388,0.3384615384615385
foreign,20,mcap,대형30%,20,55,-0.015552379559928263,-0.05185619948092214,0.022434791616937153,0.4
foreign,20,mcap,중소형,5,60,-0.021846665464000544,-0.04914025511734107,0.015952888082569474,0.38333333333333336
foreign,20,mcap,중소형,10,55,-0.039325919961242135,-0.08345146401457092,0.007885797498836326,0.4
foreign,20,mcap,중소형,20,45,-0.037935901437568996,-0.09396067839921592,0.030056322799623673,0.35555555555555557
foreign,20,none,전체,5,70,-0.01374300443464716,-0.03586161429072701,0.009348929286052928,0.37142857142857144
foreign,20,none,전체,10,65,-0.017874606826122335,-0.04809236412275198,0.008377840924613349,0.36923076923076925
foreign,20,none,전체,20,55,-0.017981036040444053,-0.05471044139823366,0.019790396811241222,0.34545454545454546
foreign,20,none,대형30%,5,70,-0.0016005339648940463,-0.0224771191538494,0.017750110484774453,0.5571428571428572
foreign,20,none,대형30%,10,65,0.003096820218751453,-0.016271253066172067,0.019263452816312737,0.4307692307692308
foreign,20,none,대형30%,20,55,0.01048944710677816,-0.014438208943037411,0.04438054651990207,0.509090909090909
foreign,20,none,중소형,5,60,-0.025890228403154456,-0.056729913252279114,0.014254523268391902,0.3333333333333333
foreign,20,none,중소형,10,55,-0.04189552494055245,-0.08756086141182684,0.006121304982859729,0.38181818181818183
foreign,20,none,중소형,20,45,-0.040808401865388984,-0.09847855341651439,0.025265852847147205,0.37777777777777777
foreign,60,amt,전체,5,70,-0.021630599860802326,-0.04726527384795453,0.0022447903579339715,0.32857142857142857
foreign,60,amt,전체,10,65,-0.03787625748481665,-0.07178558784601885,-0.011003155931636102,0.26153846153846155
foreign,60,amt,전체,20,55,-0.04228471832661338,-0.07795769357840457,-0.006720180766607423,0.32727272727272727
foreign,60,amt,대형30%,5,70,-0.009107798935557136,-0.03488486330343341,0.00675708632341735,0.42857142857142855
foreign,60,amt,대형30%,10,65,-0.02341995349899959,-0.04477142479956592,-0.006087506815517869,0.26153846153846155
foreign,60,amt,대형30%,20,55,-0.025750376667434145,-0.040615210594118524,-0.012177547032043426,0.21818181818181817
foreign,60,amt,중소형,5,60,-0.033047244911335476,-0.06657444525640675,0.012038386547534334,0.3
foreign,60,amt,중소형,10,55,-0.04986514439526228,-0.09500598164551753,0.00012804487887524857,0.2909090909090909
foreign,60,amt,중소형,20,45,-0.051862790501737824,-0.11219003565204333,0.018224160440414788,0.4
foreign,60,mcap,전체,5,70,-0.01350220907681493,-0.04313637582886592,0.011053415874389901,0.44285714285714284
foreign,60,mcap,전체,10,65,-0.032579664906412176,-0.06895818115328317,-0.0019496470499885564,0.27692307692307694
foreign,60,mcap,전체,20,55,-0.03719927919383866,-0.08002250844870953,0.005359605994561999,0.36363636363636365
foreign,60,mcap,대형30%,5,70,-0.015021278732346707,-0.04839607694735562,0.0047059272892767704,0.4857142857142857
foreign,60,mcap,대형30%,10,65,-0.03623434531603014,-0.06664894200259025,-0.012617341318271861,0.2923076923076923
foreign,60,mcap,대형30%,20,55,-0.04560565795670239,-0.0755914759435123,-0.02241604480545272,0.2727272727272727
foreign,60,mcap,중소형,5,60,-0.01615160096873984,-0.04590051296774614,0.02451793940265073,0.4166666666666667
foreign,60,mcap,중소형,10,55,-0.03381396829179784,-0.0793554912520941,0.019215714568128456,0.32727272727272727
foreign,60,mcap,중소형,20,45,-0.03341410620340145,-0.09390421463423193,0.03924379834025074,0.4222222222222222
foreign,60,none,전체,5,70,-0.010949247086082553,-0.033004619636269515,0.009180745139688064,0.44285714285714284
foreign,60,none,전체,10,65,-0.024373884667819614,-0.05435697542901371,-0.001161684317275335,0.38461538461538464
foreign,60,none,전체,20,55,-0.03150100074299906,-0.06530620322992033,-0.002076078020820013,0.36363636363636365
foreign,60,none,대형30%,5,70,-0.002209078103957339,-0.02175817908342522,0.011512333935574354,0.44285714285714284
foreign,60,none,대형30%,10,65,-0.013292499058599975,-0.032345377585225675,0.0016501821148065972,0.3230769230769231
foreign,60,none,대형30%,20,55,-0.016133961795498176,-0.028937768396049425,-0.006509243864295659,0.32727272727272727
foreign,60,none,중소형,5,60,-0.01777290078875903,-0.04878345080057227,0.027590216467258958,0.4166666666666667
foreign,60,none,중소형,10,55,-0.03571775084909098,-0.08060585832182418,0.019045332577760872,0.38181818181818183
foreign,60,none,중소형,20,45,-0.03704476997663779,-0.09732165125303083,0.03555923788006606,0.4222222222222222
inst,5,amt,전체,5,70,-0.027682984737215414,-0.06285360765378549,0.0008272028030093282,0.4142857142857143
inst,5,amt,전체,10,65,-0.012452030480997304,-0.06495245421120488,0.037201760684096336,0.46153846153846156
inst,5,amt,전체,20,55,-0.019906546886542302,-0.05423127872798092,0.01363673976734939,0.4
inst,5,amt,대형30%,5,70,-0.03370014774222642,-0.0806661978703342,0.00834937772819298,0.44285714285714284
inst,5,amt,대형30%,10,65,-0.013846587284126502,-0.07952941488834646,0.05569808330010596,0.49230769230769234
inst,5,amt,대형30%,20,55,-0.024029051119410408,-0.0841842287671067,0.0356938786137214,0.5272727272727272
inst,5,amt,중소형,5,60,-0.007098960664032153,-0.025966592630965724,0.007870740322515644,0.4666666666666667
inst,5,amt,중소형,10,55,-0.0014788550578238736,-0.035062809757136326,0.031736439688360894,0.4727272727272727
inst,5,amt,중소형,20,45,-0.005015680661804844,-0.030159494979757458,0.029256714878805674,0.4
inst,5,mcap,전체,5,70,-0.019124567299329077,-0.04252754254642393,0.0043490993716826095,0.38571428571428573
inst,5,mcap,전체,10,65,-0.0005167786670422547,-0.045284694834543816,0.037029423188667976,0.5230769230769231
inst,5,mcap,전체,20,55,-0.0017059743864258673,-0.027873244231266983,0.022350361877081015,0.509090909090909
inst,5,mcap,대형30%,5,70,-0.023530854206453164,-0.061706920321021964,0.013535221258954913,0.38571428571428573
inst,5,mcap,대형30%,10,65,-0.0037179912184711907,-0.05405406042735222,0.03993894443823107,0.49230769230769234
inst,5,mcap,대형30%,20,55,0.00148997009066026,-0.04302831046807201,0.04018576728381506,0.5272727272727272
inst,5,mcap,중소형,5,60,0.0013582383207270887,-0.014353747667804216,0.014548427190275664,0.55
inst,5,mcap,중소형,10,55,0.007742543953102004,-0.01929916032628059,0.034767748385084334,0.509090909090909
inst,5,mcap,중소형,20,45,0.005085022904464615,-0.016900830404845114,0.03575101674042483,0.4888888888888889
inst,5,none,전체,5,70,-0.02238566640057806,-0.04852412470404948,0.0025047554276653315,0.37142857142857144
inst,5,none,전체,10,65,-0.003552217490578678,-0.046299766854823024,0.038100910699779576,0.49230769230769234
inst,5,none,전체,20,55,-0.006262427649544664,-0.03093207021997421,0.020302190310932784,0.45454545454545453
inst,5,none,대형30%,5,70,-0.02703571369491321,-0.06433145857804105,0.009948789729946313,0.34285714285714286
inst,5,none,대형30%,10,65,-0.006278329139391071,-0.05405530253048966,0.04077501549394272,0.4461538461538462
inst,5,none,대형30%,20,55,-0.013062086654930347,-0.05669930311967018,0.02425098398931129,0.4727272727272727
inst,5,none,중소형,5,60,-2.9395548084551586e-05,-0.016341621859665173,0.01210964522706589,0.5333333333333333
inst,5,none,중소형,10,55,0.007159051343683235,-0.020861471243204765,0.03593770655001447,0.5272727272727272
inst,5,none,중소형,20,45,0.0040001125670519454,-0.02018490767166213,0.035096803047117306,0.4888888888888889
inst,20,amt,전체,5,70,-0.01306124519347345,-0.04913849760871359,0.02082322847448939,0.4714285714285714
inst,20,amt,전체,10,65,-0.014540548979735744,-0.0546774830044363,0.0184805913470991,0.4
inst,20,amt,전체,20,55,-0.023273672463629592,-0.03967323953818621,-0.00556386476758634,0.2545454545454545
inst,20,amt,대형30%,5,70,-0.013411601272865056,-0.053707401887225344,0.0299995809162329,0.45714285714285713
inst,20,amt,대형30%,10,65,-0.011996332872799319,-0.057681142753765534,0.0266366672527379,0.4461538461538462
inst,20,amt,대형30%,20,55,-0.03154857050976296,-0.05673430825614618,-0.006882004057984688,0.38181818181818183
inst,20,amt,중소형,5,60,-0.0013242721519851344,-0.03707618112279968,0.030052354591866667,0.4666666666666667
inst,20,amt,중소형,10,55,-0.004691321757670089,-0.037381121932117,0.02866923810718895,0.4909090909090909
inst,20,amt,중소형,20,45,-0.009862934561832825,-0.023401916701366904,0.006297027736848418,0.4444444444444444
inst,20,mcap,전체,5,70,-0.003050410321910208,-0.03112748462837445,0.02529055508990907,0.5142857142857142
inst,20,mcap,전체,10,65,0.0062306680474861174,-0.02635012505918665,0.03398362991431412,0.5692307692307692
inst,20,mcap,전체,20,55,0.007350426409149601,-0.006433385619261394,0.027478615173170285,0.5636363636363636
inst,20,mcap,대형30%,5,70,-0.017515988610408113,-0.036018627185956956,0.003903764370526511,0.42857142857142855
inst,20,mcap,대형30%,10,65,-0.0011787843219909536,-0.02271922558474346,0.020947219531550817,0.5076923076923077
inst,20,mcap,대형30%,20,55,0.01000850872584,-0.011700232206924776,0.03228175298764023,0.5454545454545454
inst,20,mcap,중소형,5,60,0.013210570933234281,-0.017148612567783886,0.03979110200326698,0.65
inst,20,mcap,중소형,10,55,0.01420645598914712,-0.016374921789119343,0.045037122469345436,0.6181818181818182
inst,20,mcap,중소형,20,45,0.013313415207527983,-0.00048186395336267485,0.031716953999081185,0.7555555555555555
inst,20,none,전체,5,70,-0.010681803490593788,-0.041472276546696225,0.02019365098797857,0.44285714285714284
inst,20,none,전체,10,65,-0.00596354758480518,-0.03859433478582461,0.02350966069276873,0.46153846153846156
inst,20,none,전체,20,55,-0.010547031716903448,-0.023953202898794244,0.008591377376273546,0.41818181818181815
inst,20,none,대형30%,5,70,-0.01978867023737412,-0.044422151167731044,0.006923164673243561,0.37142857142857144
inst,20,none,대형30%,10,65,-0.01245201126481304,-0.042557537327381524,0.013286770007709944,0.4307692307692308
inst,20,none,대형30%,20,55,-0.01929301787547837,-0.036802835941865675,0.0032573197247152195,0.36363636363636365
inst,20,none,중소형,5,60,0.011276523499645788,-0.020112077993660677,0.03946881820206388,0.6
inst,20,none,중소형,10,55,0.011818205967032038,-0.019132606807262892,0.04157271934709532,0.6363636363636364
inst,20,none,중소형,20,45,0.010930904961957557,-0.0028985491498690705,0.03038610676805167,0.6888888888888889
inst,60,amt,전체,5,70,-0.019816736187991017,-0.040575877576825445,0.0033541939751309566,0.35714285714285715
inst,60,amt,전체,10,65,-0.02022973813874659,-0.04363915782925958,0.0009286560262680129,0.4307692307692308
inst,60,amt,전체,20,55,-0.027436260887934976,-0.0434981478837276,-0.008842002210622901,0.23636363636363636
inst,60,amt,대형30%,5,70,-0.02539839002612774,-0.055819745514804744,0.013594240214592724,0.35714285714285715
inst,60,amt,대형30%,10,65,-0.02583948956806928,-0.05133373020877824,0.0007537232651042817,0.38461538461538464
inst,60,amt,대형30%,20,55,-0.04519299647835041,-0.07153790261706963,-0.017130154333433373,0.21818181818181817
inst,60,amt,중소형,5,60,-0.008901406325813998,-0.024243850478543934,0.009267971364172648,0.4166666666666667
inst,60,amt,중소형,10,55,-0.01206556892357685,-0.02961897109961049,0.015379886313530109,0.41818181818181815
inst,60,amt,중소형,20,45,-0.014745494842742365,-0.037199290832022176,0.009804661292456562,0.37777777777777777
inst,60,mcap,전체,5,70,-0.00700386723684754,-0.025615591418495225,0.020176484535351997,0.44285714285714284
inst,60,mcap,전체,10,65,0.00244518082520323,-0.01879142859910492,0.027040244251269874,0.5846153846153846
inst,60,mcap,전체,20,55,0.001963680753318998,-0.02016118278906877,0.02896763515560881,0.5272727272727272
inst,60,mcap,대형30%,5,70,-0.016454510625110143,-0.037426944925549266,0.019206743696184317,0.37142857142857144
inst,60,mcap,대형30%,10,65,-0.0028789882355917053,-0.02631149251387307,0.02564951352359922,0.5384615384615384
inst,60,mcap,대형30%,20,55,-0.003484303078415913,-0.030016840720734118,0.025837030760993668,0.45454545454545453
inst,60,mcap,중소형,5,60,0.007140312452915713,-0.010500033985807835,0.027753061860531076,0.6
inst,60,mcap,중소형,10,55,0.007531053552309431,-0.012650729080862065,0.0384104588123027,0.5454545454545454
inst,60,mcap,중소형,20,45,0.007851358087480852,-0.020218861647083693,0.04003751457176909,0.5555555555555556
inst,60,none,전체,5,70,-0.017012059793356297,-0.03602408122948878,0.008657928441449247,0.35714285714285715
inst,60,none,전체,10,65,-0.009915354881714914,-0.028625183962079158,0.011087816537475498,0.46153846153846156
inst,60,none,전체,20,55,-0.01350937474754601,-0.02814326976047042,0.006416318987940881,0.4
inst,60,none,대형30%,5,70,-0.0291770765210693,-0.05301195539143625,0.006386354125870794,0.2714285714285714
inst,60,none,대형30%,10,65,-0.0236875545950527,-0.046896991688266054,0.0031345611771282345,0.3230769230769231
inst,60,none,대형30%,20,55,-0.038502234788074824,-0.059005867322088144,-0.01504104220418108,0.2545454545454545
inst,60,none,중소형,5,60,0.0026674286129276708,-0.014506438646873947,0.022773020665906103,0.5333333333333333
inst,60,none,중소형,10,55,0.0036595544588068595,-0.016130310834029372,0.03397596904149349,0.5272727272727272
inst,60,none,중소형,20,45,0.005899253898773765,-0.021041285749311592,0.036818033813900114,0.5555555555555556
person,5,amt,전체,5,70,0.014569318170097717,-0.030425163339998767,0.05769543622211412,0.5857142857142857
person,5,amt,전체,10,65,0.019687399111620308,-0.04247490799051322,0.07727927731189757,0.6307692307692307
person,5,amt,전체,20,55,0.01821556724332754,-0.02685960874289241,0.0562016058734431,0.6181818181818182
person,5,amt,대형30%,5,70,0.006940634629471673,-0.047274045470823756,0.059092226831215074,0.5
person,5,amt,대형30%,10,65,0.013371547320337338,-0.04848999536613038,0.08567426880671486,0.49230769230769234
person,5,amt,대형30%,20,55,-0.007758804725387359,-0.0677450468589569,0.05699369000379589,0.45454545454545453
person,5,amt,중소형,5,60,0.013451783431192453,-0.02387048347914186,0.054840031328777225,0.5166666666666667
person,5,amt,중소형,10,55,0.019391441731903377,-0.04876898896546111,0.08471701240625575,0.6181818181818182
person,5,amt,중소형,20,45,0.030078634237609238,-0.028505398096637078,0.0759030964600261,0.6444444444444445
person,5,mcap,전체,5,70,0.008357206179726483,-0.031065170486452874,0.046066958639528956,0.5285714285714286
person,5,mcap,전체,10,65,0.020048642915523426,-0.019071693173099265,0.06559554348285532,0.5846153846153846
person,5,mcap,전체,20,55,0.014739788012313,-0.026978824614187435,0.054070318504030185,0.5636363636363636
person,5,mcap,대형30%,5,70,0.016771316133902005,-0.021407351963616286,0.059010438392661124,0.5142857142857142
person,5,mcap,대형30%,10,65,0.03478272443749996,0.0032072030781823005,0.08314703196811277,0.6
person,5,mcap,대형30%,20,55,0.003780589321395364,-0.04957737140437476,0.06408614612083845,0.41818181818181815
person,5,mcap,중소형,5,60,-0.0026572901561622265,-0.04459789629032571,0.03823861860479001,0.45
person,5,mcap,중소형,10,55,0.007862010087321824,-0.04210601271262406,0.06128998187365456,0.509090909090909
person,5,mcap,중소형,20,45,0.018344756867968458,-0.04488620922043425,0.06893281910569353,0.5333333333333333
person,5,none,전체,5,70,0.010042555459562327,-0.032973489723867426,0.05349956766476131,0.5142857142857142
person,5,none,전체,10,65,0.016320490909589022,-0.02699229719985543,0.07048226019328645,0.5538461538461539
person,5,none,전체,20,55,0.013196184687118716,-0.028820808655545413,0.057787483041148266,0.5636363636363636
person,5,none,대형30%,5,70,0.013899992228585486,-0.027801330377391357,0.05868628800506056,0.5428571428571428
person,5,none,대형30%,10,65,0.028825655849319762,-0.001621434443693931,0.07720390117585177,0.6153846153846154
person,5,none,대형30%,20,55,0.00830304842092799,-0.04258766260299089,0.062008039858371666,0.4
person,5,none,중소형,5,60,0.002516136571454902,-0.03962898004015887,0.04065824923451428,0.5166666666666667
person,5,none,중소형,10,55,0.010900243471471959,-0.04545934233355611,0.06702868012391675,0.5272727272727272
person,5,none,중소형,20,45,0.019322512429516103,-0.04312604585445949,0.06871550784356156,0.5555555555555556
person,20,amt,전체,5,70,0.017470282487825162,-0.032235674775365,0.06975734492586295,0.6428571428571429
person,20,amt,전체,10,65,0.01727616375388527,-0.027353000938212357,0.07251151390057654,0.6615384615384615
person,20,amt,전체,20,55,0.01720545097563689,-0.01815432242416463,0.04712353093416877,0.6363636363636364
person,20,amt,대형30%,5,70,-0.005374179665660792,-0.05529226158073079,0.050433802992915173,0.4
person,20,amt,대형30%,10,65,-0.02016474129512783,-0.05731161131546107,0.03821543844521447,0.2923076923076923
person,20,amt,대형30%,20,55,-0.023883429451372486,-0.06145842493914199,0.018299695441836936,0.2727272727272727
person,20,amt,중소형,5,60,0.02398391428952496,-0.035508557321198654,0.07647120676968013,0.6666666666666666
person,20,amt,중소형,10,55,0.03342741489372753,-0.02905116282450528,0.09318029326815927,0.6181818181818182
person,20,amt,중소형,20,45,0.03799010884052472,-0.015640349622876908,0.07989436153844845,0.6666666666666666
person,20,mcap,전체,5,70,0.010851938424132807,-0.025780758594347315,0.048117602433134565,0.5857142857142857
person,20,mcap,전체,10,65,0.009333778450787178,-0.027444000597986514,0.04871703167516236,0.5846153846153846
person,20,mcap,전체,20,55,0.00035121567445944125,-0.03539238846952069,0.031110770965174273,0.5272727272727272
person,20,mcap,대형30%,5,70,0.003417153859783895,-0.022230054120283716,0.03037128071680896,0.5285714285714286
person,20,mcap,대형30%,10,65,-0.013984461718003797,-0.037052331729007966,0.010398511824058284,0.4
person,20,mcap,대형30%,20,55,-0.03157794923126246,-0.06289310326843661,0.0012188302537400008,0.34545454545454546
person,20,mcap,중소형,5,60,0.009296168269100758,-0.03807969264200354,0.047861165884316506,0.65
person,20,mcap,중소형,10,55,0.019770869844678428,-0.03142763261932963,0.06784987423279841,0.6181818181818182
person,20,mcap,중소형,20,45,0.019944941724415757,-0.03567531322904341,0.059004364905609806,0.6666666666666666
person,20,none,전체,5,70,0.006993304454013912,-0.03531647448342036,0.055275320799393936,0.5142857142857142
person,20,none,전체,10,65,0.0013572849089674025,-0.03632872679552806,0.04780961428536197,0.49230769230769234
person,20,none,전체,20,55,-0.0005693348997281914,-0.028728657166158234,0.023940932275422783,0.45454545454545453
person,20,none,대형30%,5,70,-0.002611362785834455,-0.036471789310347155,0.03779662040612656,0.4
person,20,none,대형30%,10,65,-0.020095882338410948,-0.046115816875946715,0.015592443228002312,0.23076923076923078
person,20,none,대형30%,20,55,-0.027831685202653743,-0.054223003762974495,0.0006711711767954761,0.21818181818181817
person,20,none,중소형,5,60,0.010404674953513006,-0.041700386860032225,0.05634801564139232,0.5333333333333333
person,20,none,중소형,10,55,0.01895246002934436,-0.03758139834654402,0.07059013956098667,0.5818181818181818
person,20,none,중소형,20,45,0.021143704760123,-0.03206317448325821,0.06137249963289288,0.6222222222222222
person,60,amt,전체,5,70,0.018321208710203003,0.0035370092158163104,0.03306735923266157,0.7142857142857143
person,60,amt,전체,10,65,0.02401147690353435,0.009620808590959918,0.037361543608291733,0.8
person,60,amt,전체,20,55,0.025786421681677656,0.010942636201900353,0.0378790565622478,0.7636363636363637
person,60,amt,대형30%,5,70,0.013771679934723205,-0.010800719089412403,0.041002693550491534,0.5428571428571428
person,60,amt,대형30%,10,65,0.016703152973948594,-0.002955773890856218,0.03454242659616011,0.6307692307692307
person,60,amt,대형30%,20,55,0.021828008050007564,-0.003904380210471193,0.04612607425480887,0.6545454545454545
person,60,amt,중소형,5,60,0.018898435450409205,-0.0005255495780627682,0.0340974492856231,0.6666666666666666
person,60,amt,중소형,10,55,0.03043322727016262,0.006046369487045956,0.0546096170229913,0.7090909090909091
person,60,amt,중소형,20,45,0.0351251282431324,-0.0023283244812663624,0.06091758803440829,0.7333333333333333
person,60,mcap,전체,5,70,0.01002007331369837,-0.004516059623223526,0.022137354555343644,0.6285714285714286
person,60,mcap,전체,10,65,0.014727310131209497,0.0005013922304861186,0.029856274512829937,0.6307692307692307
person,60,mcap,전체,20,55,0.009191076609456979,-0.011915367958717204,0.029145344615780784,0.509090909090909
person,60,mcap,대형30%,5,70,0.01321783791584338,-0.015761527886172383,0.03993982176990004,0.5142857142857142
person,60,mcap,대형30%,10,65,0.014962836607432878,-0.009290928276979457,0.036443191391613054,0.6307692307692307
person,60,mcap,대형30%,20,55,0.012992497398169527,-0.019988103705508267,0.049628420361936106,0.5636363636363636
person,60,mcap,중소형,5,60,0.006582787641047067,-0.015953007841728883,0.02117954104513959,0.43333333333333335
person,60,mcap,중소형,10,55,0.020154879717778955,-0.010738589372964442,0.04900832550367995,0.6
person,60,mcap,중소형,20,45,0.020587692774734215,-0.022698712649052467,0.051631241536618196,0.6
person,60,none,전체,5,70,0.009924656297688768,-0.00850610627629002,0.024681432910004523,0.6285714285714286
person,60,none,전체,10,65,0.012143958937632128,-0.002288895388596795,0.025598523209904557,0.676923076923077
person,60,none,전체,20,55,0.016107874467081368,-0.0009517973065393055,0.032446576675814985,0.7090909090909091
person,60,none,대형30%,5,70,0.009507613795201663,-0.02082533764387384,0.03760965833839049,0.5142857142857142
person,60,none,대형30%,10,65,0.009665274807883137,-0.018116095848415927,0.03535120701724853,0.5230769230769231
person,60,none,대형30%,20,55,0.01705303771828524,-0.02011409096476035,0.059161273412867386,0.5272727272727272
person,60,none,중소형,5,60,0.0068405351647929475,-0.014869998196203764,0.022105710254793392,0.48333333333333334
person,60,none,중소형,10,55,0.017838069695933906,-0.011511450559393838,0.045013039329025895,0.5454545454545454
person,60,none,중소형,20,45,0.02252409178563048,-0.01840397166028822,0.052954049889950075,0.6
