code,strategy,first_buy,closed_at,realized_pnl,qty,buy_avg,sell_avg,ret_pct,a,b,hold_td,mkt,lvb_top20,lvb_rank,lvb_n,exc_mkt,vs_top20,m
010140,저변동,09-01,09-04,600,12,20800,20850,0.2,20260901,20260904,3,-1.139700175198921,-1.1324300831789944,3.0,81.0,1.339700175198921,1.3324300831789944,09
042700,공매도,09-01,09-04,9000,1,213000,222000,4.2,20260901,20260904,3,-1.139700175198921,-1.1324300831789944,,,5.339700175198921,5.332430083178995,09
030000,공매도,09-01,09-04,-3640,13,19170,18890,-1.5,20260901,20260904,3,-1.139700175198921,-1.1324300831789944,,,-0.3602998248010789,-0.3675699168210056,09
383220,저변동,08-12,09-03,-2600,5,66520,66000,-0.8,20260812,20260903,15,-3.9118767186735237,-0.8826870192766786,2.0,10.0,3.111876718673524,0.08268701927667854,09
249420,저변동,07-01,09-02,8700,19,16502,16960,2.8,20260701,20260902,43,-3.2924011388965946,8.095193190269226,18.0,52.0,6.092401138896594,-5.295193190269226,09
950190,저변동,08-18,09-01,41100,30,8560,9930,16.0,20260818,20260901,10,0.6905098156444245,-3.562926431540414,4.0,7.0,15.309490184355575,19.562926431540415,09
039200,저변동,07-01,08-31,13800,13,34673,35735,3.1,20260701,20260831,41,-0.7948140427570749,10.494416028083705,19.0,288.0,3.894814042757075,-7.394416028083706,08
462870,저변동,08-05,08-31,-1400,7,32500,32300,-0.6,20260805,20260831,17,5.025340346677254,5.142588436103148,,,-5.625340346677254,-5.742588436103148,08
005690,저변동,08-07,08-31,-6960,24,11200,10910,-2.6,20260807,20260831,15,5.049555302827891,2.213661251191728,,,-7.64955530282789,-4.8136612511917285,08
011200,스윙,08-13,08-26,7800,13,21100,21700,2.8,20260813,20260826,8,-2.1508600865756566,-4.401375160488367,,,4.9508600865756565,7.201375160488367,08
003690,스윙,08-12,08-20,1950,15,14370,14500,0.9,20260812,20260820,5,-2.433727793881302,-1.2166881060962134,,,3.3337277938813017,2.1166881060962135,08
272210,저변동,06-30,08-19,26200,6,71867,76233,6.1,20260630,20260819,34,-1.0422313044671005,6.038498115092635,34.0,51.0,7.1422313044671,0.06150188490736497,08
030200,저변동,07-31,08-14,8000,5,52000,53600,3.1,20260731,20260814,10,17.479440411287726,8.599989206085686,6.0,124.0,-14.379440411287726,-5.4999892060856865,08
058470,저변동,08-06,08-14,17200,4,67200,71500,6.4,20260806,20260814,6,7.195954598776244,5.808776813619996,4.0,85.0,-0.7959545987762437,0.5912231863800042,08
140860,저변동,08-06,08-14,31000,1,252000,283000,12.3,20260806,20260814,6,7.195954598776244,5.808776813619996,,,5.104045401223757,6.4912231863800045,08
114090,저변동,08-06,08-13,3900,30,9240,9370,1.4,20260806,20260813,5,6.084179118429001,5.021818879733524,,,-4.684179118429,-3.621818879733524,08
037270,저변동,08-04,08-12,15180,44,3235,3580,10.7,20260804,20260812,6,9.284282446026971,8.119555689078648,,,1.4157175539730282,2.580444310921351,08
083650,저변동,06-30,08-12,3000,6,53467,53967,0.9,20260630,20260812,30,2.5838972762468604,11.15876711805606,131.0,294.0,-1.6838972762468605,-10.25876711805606,08
006280,스윙,06-18,08-12,12200,4,126750,129800,2.4,20260618,20260812,38,-7.957125277354704,9.17190250392475,98.0,130.0,10.357125277354704,-6.77190250392475,08
103590,저변동,06-30,08-12,3200,5,71700,72340,0.9,20260630,20260812,30,2.5838972762468604,11.15876711805606,21.0,51.0,-1.6838972762468605,-10.25876711805606,08
017800,저변동,07-08,08-11,3000,3,71100,72100,1.4,20260708,20260811,23,10.081622264824208,8.014639170275036,1.0,156.0,-8.681622264824208,-6.614639170275035,08
443060,저변동,07-09,08-11,3100,1,199900,203000,1.6,20260709,20260811,22,10.159595273146982,10.795904770106226,32.0,129.0,-8.559595273146982,-9.195904770106226,08
003550,모멘텀,07-13,08-10,5600,1,100700,106300,5.6,20260713,20260810,19,7.829660175744113,7.580497481389519,48.0,150.0,-2.2296601757441135,-1.980497481389519,08
035720,모멘텀,07-07,08-06,20100,6,34550,37900,9.7,20260707,20260806,21,0.006022373855496532,5.628393005979245,76.0,174.0,9.693977626144502,4.071606994020755,08
326030,저변동,07-22,08-06,7200,3,78300,80700,3.1,20260722,20260806,11,6.2710488240253826,7.557905890278543,14.0,130.0,-3.1710488240253825,-4.457905890278543,08
036570,저변동,07-31,08-06,11000,1,223500,234500,4.9,20260731,20260806,4,9.5931659464217,6.096517936451966,8.0,124.0,-4.693165946421699,-1.1965179364519658,08
017670,모멘텀,07-13,08-04,30000,3,85800,95800,11.7,20260713,20260804,15,0.18825941308848737,1.4260603996062864,21.0,150.0,11.511740586911511,10.273939600393714,08
003490,모멘텀b,07-22,08-04,600,1,25300,25900,2.4,20260722,20260804,9,3.112941698625038,5.089681984558022,29.0,130.0,-0.7129416986250381,-2.6896819845580224,08
257720,저변동,06-30,07-08,33250,7,31700,36450,15.0,20260630,20260708,6,-7.18470479516049,0.737500677804701,1.0,294.0,22.184704795160492,14.2624993221953,07
017800,스윙,06-26,07-03,3100,3,69600,70633,1.5,20260626,20260703,5,5.582500167931448,7.36862902813174,9.0,191.0,-4.082500167931448,-5.86862902813174,07
028050,스윙,06-26,07-03,54600,7,42000,49800,18.6,20260626,20260703,5,5.582500167931448,7.36862902813174,95.0,191.0,13.017499832068554,11.231370971868262,07
021240,스윙,06-26,07-03,28800,3,85300,94900,11.3,20260626,20260703,5,5.582500167931448,7.36862902813174,3.0,191.0,5.717499832068553,3.931370971868261,07
037270,스윙,06-26,07-03,13300,70,3115,3305,6.1,20260626,20260703,5,5.582500167931448,7.36862902813174,39.0,191.0,0.5174998320685518,-1.2686290281317403,07
007340,스윙,06-26,07-03,4800,6,36200,37000,2.2,20260626,20260703,5,5.582500167931448,7.36862902813174,46.0,191.0,-3.3825001679314477,-5.16862902813174,07
105840,스윙,06-26,07-02,10270,13,15560,16350,5.1,20260626,20260702,4,4.432722049005289,6.113599882405544,122.0,191.0,0.6672779509947109,-1.0135998824055443,07
267250,스윙,06-30,07-01,1400,1,198600,200000,0.7,20260630,20260701,1,2.512434359693305,3.1782872981158263,25.0,51.0,-1.8124343596933052,-2.478287298115826,07
031210,스윙,06-25,06-30,4250,5,40600,41450,2.1,20260625,20260630,3,2.317606165006292,2.5895808890743286,,,-0.2176061650062917,-0.4895808890743285,06
064350,스윙,06-26,06-30,10500,2,169350,174600,3.1,20260626,20260630,2,6.431512166958719,4.3325231315532085,68.0,191.0,-3.3315121669587193,-1.2325231315532084,06
071970,스윙,06-25,06-29,3600,6,58200,58800,1.0,20260625,20260629,2,3.401710585526807,4.274502635407913,56.0,187.0,-2.401710585526807,-3.274502635407913,06
004430,스윙,05-26,06-26,-20160,9,11770,9530,-19.0,20260526,20260626,22,-27.57605351723903,,,,8.576053517239028,,06
460860,스윙,06-16,06-26,-44040,36,9833,8610,-12.4,20260616,20260626,8,-17.829598737746245,-10.425100623162146,155.0,179.0,5.429598737746245,-1.974899376837854,06
263750,스윙,06-18,06-26,-23750,5,39250,34500,-12.1,20260618,20260626,6,-15.697443039555182,-11.489702614514812,126.0,336.0,3.5974430395551824,-0.6102973854851879,06
003720,스윙,06-23,06-26,-23320,44,7070,6540,-7.5,20260623,20260626,3,-5.330170723813588,-1.1099296335527313,,,-2.1698292761864124,-6.390070366447269,06
373220,스윙,06-25,06-26,-21500,1,362000,340500,-5.9,20260625,20260626,1,-3.8653082326773336,-2.1192319478223047,173.0,187.0,-2.0346917673226668,-3.7807680521776956,06
095340,스윙,06-18,06-25,2600,4,191550,192200,0.3,20260618,20260625,5,-12.30787199642297,-8.718191623668814,202.0,336.0,12.60787199642297,9.018191623668814,06
007660,스윙,06-23,06-25,15600,4,112000,115900,3.5,20260623,20260625,2,-1.5237605324430636,1.102289155965196,76.0,179.0,5.023760532443063,2.397710844034804,06
099320,스윙,06-25,06-25,-17500,4,88575,84200,-4.9,20260625,20260625,0,,0.0,,,,-4.9,06
460930,스윙,05-29,06-23,-45240,12,16460,12690,-22.9,20260529,20260623,16,-17.099525195846788,,,,-5.800474804153211,,06
272550,스윙,05-18,06-23,-38600,20,10160,8230,-19.0,20260518,20260623,24,-21.94331312010498,,,,2.9433131201049783,,06
004980,스윙,05-19,06-23,-47547,27,9611,7850,-18.3,20260519,20260623,23,-20.481345192130373,,,,2.1813451921303724,,06
249420,스윙,05-18,06-23,-57800,13,21577,17131,-20.6,20260518,20260623,24,-21.94331312010498,,,,1.3433131201049768,,06
000390,스윙,05-22,06-23,-21450,13,7700,6050,-21.4,20260522,20260623,20,-23.540231040420025,,,,2.1402310404200264,,06
042370,스윙,06-01,06-23,-58820,17,13140,9680,-26.3,20260601,20260623,15,-14.745628045944613,,,,-11.554371954055387,,06
199820,스윙,05-26,06-18,-28050,9,13097,9980,-23.8,20260526,20260618,16,-14.090450996945858,,,,-9.709549003054143,,06
052690,스윙,05-18,06-18,6100,2,139350,142400,2.2,20260518,20260618,21,-12.344138929835236,,,,14.544138929835235,,06
011930,스윙,05-21,06-18,-22600,7,27300,24071,-11.8,20260521,20260618,18,-11.035384292986928,,,,-0.764615707013073,,06
025860,스윙,05-27,06-18,-30510,27,7450,6320,-15.2,20260527,20260618,15,-10.843833359983012,,,,-4.356166640016987,,06
005880,스윙,06-10,06-18,18444,106,1901,2075,9.2,20260610,20260618,6,3.954060561660633,2.0446293782200113,,,5.2459394383393665,7.155370621779988,06
015760,스윙,06-05,06-16,14700,6,38050,40500,6.4,20260605,20260616,7,2.3749090132745287,,,,4.025090986725472,,06
004310,스윙,05-18,06-16,6480,27,7320,7560,3.3,20260518,20260616,19,-10.069646645635455,,,,13.369646645635456,,06
389650,스윙,05-29,06-05,27250,5,44450,49900,12.3,20260529,20260605,4,-6.704719385443458,,,,19.004719385443458,,06
103140,스윙,05-18,05-27,600,3,85600,85800,0.2,20260518,20260527,6,-1.6827838459115951,,,,1.882783845911595,,05
