date,kospi,kosdaq,kq_ret20,kq_above60,kq_above20,breadth20,upratio5,regime,regime_pit,breadth20_pit,kq_above20_pit
20230626,2582.2,879.5,,False,False,,,약세,,,
20230627,2581.39,874.14,,False,False,,,약세,약세,,False
20230628,2564.19,866.97,,False,False,,,약세,약세,,False
20230629,2550.02,861.79,,False,False,,,약세,약세,,False
20230630,2564.28,868.24,,False,False,,,약세,약세,,False
20230703,2602.47,889.29,,False,False,,,약세,약세,,False
20230704,2593.31,890.0,,False,False,,,약세,약세,,False
20230705,2579.0,891.18,,False,False,,,약세,약세,,False
20230706,2556.29,870.53,,False,False,,,약세,약세,,False
20230707,2526.71,867.27,,False,False,,,약세,약세,,False
20230710,2520.7,860.35,,False,False,,,약세,약세,,False
20230711,2562.49,878.73,,False,False,,,약세,약세,,False
20230712,2574.72,879.88,,False,False,,,약세,약세,,False
20230713,2591.23,893.07,,False,False,,,약세,약세,,False
20230714,2628.3,896.28,,False,False,,,약세,약세,,False
20230717,2619.0,898.29,,False,False,0.4648648648648649,,약세,약세,,False
20230718,2607.62,914.14,,False,False,0.3921832884097035,,약세,약세,0.4648648648648649,False
20230719,2608.24,923.72,,False,False,0.3756720430107527,,약세,약세,0.3921832884097035,False
20230720,2600.23,931.6,,False,False,0.4034969737726967,,약세,약세,0.3756720430107527,False
20230721,2609.76,934.58,,False,True,0.374417055296469,0.38185971436687643,약세,약세,0.4034969737726967,False
20230724,2628.53,929.9,0.057305287094940205,False,True,0.2779255319148936,0.31903840901897534,반등,약세,0.374417055296469,True
20230725,2636.46,939.96,0.07529686320269069,False,True,0.25065963060686014,0.3137471403235149,반등,반등,0.2779255319148936,True
20230726,2592.36,900.63,0.03882487283296987,False,True,0.1456564337034618,0.2604390733492273,반등,반등,0.25065963060686014,True
20230727,2603.81,883.79,0.025528260945241854,False,False,0.2053982883475971,0.31051156910241495,반등,반등,0.1456564337034618,True
20230728,2608.32,913.74,0.052404865014281654,False,True,0.2521395655036208,0.3989960948892615,반등,반등,0.2053982883475971,False
20230731,2632.58,935.97,0.05249131329487566,False,True,0.33619550858652575,0.5154273113371661,반등,반등,0.2521395655036208,True
20230801,2667.07,939.67,0.05580898876404494,False,True,0.4119601328903654,0.5970879149539581,반등,반등,0.33619550858652575,True
20230802,2616.47,909.76,0.020848762315132774,False,True,0.3521970705725699,0.6262172882867927,반등,반등,0.4119601328903654,True
20230803,2605.39,920.32,0.057195042100789184,False,True,0.35935397039030953,0.5421638848735887,반등,반등,0.3521970705725699,True
20230804,2602.8,918.43,0.05898970332191822,False,True,0.38227334235453314,0.4951699666113605,반등,반등,0.35935397039030953,True
20230807,2580.71,898.22,0.044016969837856745,False,False,0.38336713995943206,0.42985967358785127,반등,반등,0.38227334235453314,True
20230808,2573.98,892.34,0.015488261468255438,False,False,0.33220338983050846,0.3516300435411144,반등,반등,0.38336713995943206,False
20230809,2605.12,908.98,0.033072691730690496,False,False,0.40027137042062416,0.452278477921687,반등,반등,0.33220338983050846,False
20230810,2601.56,911.29,0.020401536273752185,False,False,0.45084745762711864,0.47327799887430694,반등,반등,0.40027137042062416,False
20230811,2591.26,912.2,0.017762306422100416,False,False,0.5251700680272109,0.4925036485387735,반등,반등,0.45084745762711864,False
20230814,2570.87,901.68,0.003773836956884713,False,False,0.4769335142469471,0.4664637392891522,반등,반등,0.5251700680272109,False
20230816,2525.64,878.29,-0.039217187739295944,False,False,0.35588633288227334,0.4501264993175919,약세,반등,0.4769335142469471,False
20230817,2519.85,886.04,-0.040791581864634385,False,False,0.3165075034106412,0.3795503832465765,약세,약세,0.35588633288227334,False
20230818,2504.5,877.32,-0.058265349935594624,False,False,0.3146374829001368,0.3625791573892648,약세,약세,0.3165075034106412,False
20230821,2508.8,888.71,-0.049080870551477696,False,False,0.3365318711446196,0.33529768139927996,약세,약세,0.3146374829001368,False
20230822,2515.74,893.33,-0.039326809334336965,False,False,0.3388773388773389,0.352053911588346,약세,약세,0.3365318711446196,False
20230823,2505.5,882.87,-0.06073662709051453,False,False,0.34265734265734266,0.403213955874236,약세,약세,0.3388773388773389,False
20230824,2537.68,901.74,0.0012324706039106292,False,False,0.4073013600572656,0.46701008497957874,반등,약세,0.34265734265734266,False
20230825,2519.14,899.38,0.01763993708912759,False,False,0.38197424892703863,0.4606887621596033,반등,반등,0.4073013600572656,False
20230828,2543.41,909.38,-0.0047715980475846465,False,True,0.4632405424696645,0.505071434088349,약세,반등,0.38197424892703863,False
20230829,2552.16,916.24,-0.021079735461606686,False,True,0.5468639887244539,0.5698914663502418,약세,약세,0.4632405424696645,True
20230830,2561.22,923.81,-0.016878265774154744,False,True,0.6102889358703312,0.6012656735384024,약세,약세,0.5468639887244539,True
20230831,2556.27,928.4,0.020488920154766,False,True,0.5981767180925667,0.5446603049916969,반등,약세,0.6102889358703312,True
20230901,2563.71,919.74,-0.0006302155771905626,False,True,0.5819958129797628,0.5471840978290371,약세,반등,0.5981767180925667,True
20230904,2584.55,919.16,0.0007948346635018311,False,True,0.5821205821205822,0.4925412157771615,반등,약세,0.5819958129797628,True
20230905,2582.18,921.48,0.025895660305938373,False,True,0.5703395703395704,0.4392249950190802,반등,반등,0.5821205821205822,True
20230906,2563.34,917.95,0.02869982293744533,False,True,0.5456431535269709,0.39973309639372606,반등,반등,0.5703395703395704,True
20230907,2548.26,906.36,-0.0028823516469008714,False,True,0.457439446366782,0.36921940358057237,약세,반등,0.5456431535269709,True
20230908,2547.68,914.18,0.0031713285562224858,False,True,0.4972337482710927,0.4165789651499425,반등,약세,0.457439446366782,True
20230911,2556.88,912.55,0.00038368778776565193,False,True,0.5366528354080221,0.4270435631664077,반등,반등,0.4972337482710927,True
20230912,2536.58,898.04,-0.0040369088811995635,False,False,0.47892190739460955,0.3926671847679146,약세,반등,0.5366528354080221,True
20230913,2534.7,882.72,0.00504389210852918,False,False,0.4228890439637125,0.3729754490656042,반등,약세,0.47892190739460955,False
20230914,2572.89,899.47,0.015157329240214956,False,False,0.4968553459119497,0.46484993372196526,반등,반등,0.4228890439637125,False
20230915,2601.28,899.03,0.024745816805726406,False,False,0.5449477351916376,0.46631180619486895,반등,반등,0.4968553459119497,False
20230918,2574.72,891.29,0.0029030842457042905,False,False,0.4840499306518724,0.42650559728339477,반등,반등,0.5449477351916376,False
20230919,2559.21,883.89,-0.01056720360896879,False,False,0.4315352697095436,0.4301371868458127,약세,반등,0.4840499306518724,False
20230920,2559.74,882.72,-0.00016990043834308466,False,False,0.37976437976437977,0.4447191207578234,약세,약세,0.4315352697095436,False
20230921,2514.97,860.68,-0.04553418945594079,False,False,0.2477693891557996,0.32677989198345914,약세,약세,0.37976437976437977,False
20230922,2508.13,857.35,-0.04673219328870992,False,False,0.22045611610228058,0.2709172035905568,약세,약세,0.2477693891557996,False
20230925,2495.76,839.17,-0.07720644834942492,False,False,0.19372822299651568,0.2533704358898702,약세,약세,0.22045611610228058,False
20230926,2462.97,827.82,-0.0965030996245525,False,False,0.15196078431372548,0.23319423262848255,약세,약세,0.19372822299651568,False
20230927,2465.07,841.02,-0.08961799504227053,False,False,0.17970401691331925,0.3134548477728186,약세,약세,0.15196078431372548,False
20231004,2405.69,807.4,-0.13033175355450233,False,False,0.1281869688385269,0.3107553663205738,약세,약세,0.17970401691331925,False
20231005,2403.6,801.02,-0.12907995737925937,False,False,0.1213626685592619,0.3073600740367414,약세,약세,0.1281869688385269,False
20231006,2408.73,816.39,-0.11180860785934987,False,False,0.16845878136200718,0.4270019008697563,약세,약세,0.1213626685592619,False
20231010,2402.58,795.0,-0.1372574553978383,False,False,0.15778097982708933,0.43506339636132474,약세,약세,0.16845878136200718,False
20231011,2450.08,817.12,-0.10984258401873748,False,False,0.2223826714801444,0.4510365100860966,약세,약세,0.15778097982708933,False
20231012,2479.82,835.49,-0.0781918884328523,False,False,0.28748180494905384,0.5866493276490112,약세,약세,0.2223826714801444,False
20231013,2456.15,822.78,-0.0999803102233695,False,False,0.2609016999260902,0.5693325010192313,약세,약세,0.28748180494905384,False
20231016,2436.24,810.54,-0.11178565558051612,False,False,0.2260677466863034,0.45092275867200976,약세,약세,0.2609016999260902,False
20231017,2460.17,820.38,-0.0864772170504654,False,False,0.3117559523809524,0.5487523696230184,약세,약세,0.2260677466863034,False
20231018,2462.6,808.89,-0.08363920609026654,False,False,0.3117469879518072,0.4420495293811846,약세,약세,0.3117559523809524,False
20231019,2415.8,784.04,-0.12833112833112836,False,False,0.20257966616084977,0.30629313433156374,약세,약세,0.3117469879518072,False
20231020,2375.0,769.25,-0.14435558323971387,False,False,0.17061973986228002,0.29632520339399465,약세,약세,0.20257966616084977,False
20231023,2357.02,763.69,-0.1431632801893883,False,False,0.1486590038314176,0.31679896749378084,약세,약세,0.17061973986228002,False
20231024,2383.51,784.86,-0.1120388283609951,False,False,0.22477064220183487,0.3367244262093771,약세,약세,0.1486590038314176,False
20231025,2363.17,770.84,-0.12674460757658146,False,False,0.2692307692307692,0.3777077440963095,약세,약세,0.22477064220183487,False
20231026,2299.08,743.85,-0.13574150671562013,False,False,0.1799227799227799,0.3748040817085803,약세,약세,0.2692307692307692,False
20231027,2302.81,748.49,-0.12697264827666643,False,False,0.18579234972677597,0.4341759740053287,약세,약세,0.1799227799227799,False
20231030,2310.55,757.12,-0.097775182620923,False,False,0.24472243940578578,0.5045978493329762,약세,약세,0.18579234972677597,False
20231031,2277.99,736.1,-0.11079703317146239,False,False,0.19498825371965545,0.38461121207391874,약세,약세,0.24472243940578578,False
20231101,2301.56,739.23,-0.12103160448027395,False,False,0.2622820919175911,0.42299082928713344,약세,약세,0.19498825371965545,False
20231102,2343.12,772.84,-0.04280406242259094,False,False,0.39209486166007906,0.5708852850076761,약세,약세,0.2622820919175911,False
20231103,2368.34,782.05,-0.023682305061047182,False,False,0.4964314036478985,0.6305565247025765,약세,약세,0.39209486166007906,False
20231106,2502.37,839.45,0.028246303849875698,False,True,0.7191455696202531,0.6571542672031455,반등,약세,0.4964314036478985,False
20231107,2443.96,824.37,0.03694339622641518,False,True,0.6296590007930214,0.6655991689821341,반등,반등,0.7191455696202531,True
20231108,2421.62,811.02,-0.007465243783042919,False,True,0.5899053627760252,0.6004289669594072,약세,반등,0.6296590007930214,True
20231109,2427.08,802.87,-0.03904295682772985,False,True,0.5704169944925256,0.5000476419935372,약세,약세,0.5899053627760252,True
20231110,2409.66,789.31,-0.040679160893556054,False,True,0.4822974036191975,0.3962558016909538,약세,약세,0.5704169944925256,True
20231113,2403.76,774.42,-0.04456288400325714,False,False,0.4198895027624309,0.2849032345783685,약세,약세,0.4822974036191975,True
20231114,2433.25,794.19,-0.0319242302347692,False,True,0.5831363278171788,0.4002759140221162,약세,약세,0.4198895027624309,False
20231115,2486.67,809.36,0.0005810431579078568,False,True,0.7282693813625685,0.4852663663094912,반등,약세,0.5831363278171788,True
20231116,2488.18,811.11,0.034526299678588,False,True,0.7541111981205951,0.5405659934967854,반등,반등,0.7282693813625685,True
20231117,2469.85,799.06,0.038752031199219994,False,True,0.6708562450903378,0.5362483955986617,반등,반등,0.7541111981205951,True
20231120,2491.2,813.08,0.06467283845539429,False,True,0.7456964006259781,0.6326891642128019,반등,반등,0.6708562450903378,True
20231121,2510.42,817.01,0.04096271946589192,False,True,0.7904984423676013,0.5924510637142123,반등,반등,0.7456964006259781,True
20231122,2511.7,814.61,0.05678221161330499,False,True,0.7660406885758998,0.5103234244775918,반등,반등,0.7904984423676013,True
20231123,2514.96,815.98,0.09696847482691395,False,True,0.7523219814241486,0.4772077630129071,반등,반등,0.7660406885758998,True
20231124,2496.63,815.0,0.08885890259054885,False,True,0.7432327919566899,0.5238615377343663,반등,반등,0.7523219814241486,True
20231127,2495.66,810.25,0.07017381656804722,False,True,0.6755725190839694,0.44593610558250696,반등,반등,0.7432327919566899,True
20231128,2521.76,816.44,0.10914277951365303,False,True,0.6472838561591431,0.41146380569715435,반등,반등,0.6755725190839694,True
20231129,2519.81,822.44,0.1125630723861315,False,True,0.5908396946564886,0.403934149387797,반등,반등,0.6472838561591431,True
20231130,2535.29,831.68,0.07613477563273108,True,True,0.6264150943396226,0.438926497071657,강세,반등,0.5908396946564886,True
20231201,2505.01,827.24,0.057784029154146266,True,True,0.5682852807283764,0.4230978316888968,강세,강세,0.6264150943396226,True
20231204,2514.95,828.52,-0.013020430043480968,True,True,0.5613636363636364,0.44030694573007184,조정,강세,0.5682852807283764,True
20231205,2494.28,813.38,-0.013331392457270441,False,True,0.4939668174962293,0.40523624509386424,약세,조정,0.5613636363636364,True
20231206,2495.38,819.54,0.010505289635273973,False,True,0.5338855421686747,0.46272842756420357,반등,약세,0.4939668174962293,True
20231207,2492.07,813.2,0.012866341998081898,False,True,0.4751131221719457,0.39778053490931875,반등,반등,0.5338855421686747,True
20231208,2517.85,830.37,0.05202011883797253,True,True,0.5361670395227442,0.45421815818096956,강세,반등,0.4751131221719457,True
20231211,2525.36,835.25,0.07854910771932544,True,True,0.5561299852289513,0.47673617438436244,강세,강세,0.5361670395227442,True
20231212,2535.27,839.53,0.05708961331671247,True,True,0.5664697193500738,0.5166705846897867,강세,강세,0.5561299852289513,True
20231213,2510.66,829.31,0.02464910546604715,True,True,0.48900293255131966,0.44279193225011604,강세,강세,0.5664697193500738,True
20231214,2544.18,840.59,0.03634525526747301,True,True,0.5309541150764748,0.4952099839012768,강세,강세,0.48900293255131966,True
20231215,2563.56,838.31,0.04912021625409846,True,True,0.546242774566474,0.4619461569754644,강세,강세,0.5309541150764748,True
20231218,2566.86,850.96,0.04658828159590689,True,True,0.593183466279913,0.47289387131902033,강세,강세,0.546242774566474,True
20231219,2568.55,858.3,0.05053793711215282,True,True,0.6011560693641619,0.46954413045273674,강세,강세,0.593183466279913,True
20231220,2614.3,862.98,0.059378107315156914,True,True,0.6604982206405694,0.5405930654461099,강세,강세,0.6011560693641619,True
20231221,2600.02,859.44,0.053261109340915214,True,True,0.5964539007092199,0.49065696238453216,강세,강세,0.6604982206405694,True
20231222,2599.51,854.62,0.048613496932515377,True,True,0.5904292751583392,0.47319053192157556,강세,강세,0.5964539007092199,True
20231226,2602.59,848.34,0.04701018204257945,True,True,0.528960223307746,0.41999452583486063,강세,강세,0.5904292751583392,True
20231227,2613.5,859.79,0.05309636960462494,True,True,0.5254355400696864,0.43821722024182125,강세,강세,0.528960223307746,True
20231228,2655.28,866.57,0.05365740965906318,True,True,0.599721059972106,0.45760375071428216,강세,강세,0.5254355400696864,True
20240102,2669.81,878.93,0.05681271642939589,True,True,0.675017397355602,0.5318014735114808,강세,강세,0.599721059972106,True
20240103,2607.31,871.57,0.05358783424399216,True,True,0.6087257617728532,0.5256737611790552,강세,강세,0.675017397355602,True
20240104,2587.02,866.25,0.04553903345724919,True,True,0.5524861878453039,0.5154609595381751,강세,강세,0.6087257617728532,True
20240105,2578.08,878.33,0.07985197570631208,True,True,0.5686680469289165,0.4956323140467512,강세,강세,0.5524861878453039,True
20240108,2567.82,879.34,0.07296776240329961,True,True,0.5876712328767123,0.4488299984624101,강세,강세,0.5686680469289165,True
20240109,2561.24,884.64,0.08785046728971957,True,True,0.6410432395332876,0.4485192580491052,강세,강세,0.5876712328767123,True
20240110,2541.98,875.46,0.05430109469272737,True,True,0.5810626702997275,0.4358614123736805,강세,강세,0.6410432395332876,True
20240111,2540.27,882.53,0.05660580664471704,True,True,0.6078431372549019,0.4809421747224379,강세,강세,0.5810626702997275,True
20240112,2525.05,868.08,0.03400712303312581,True,True,0.49126344086021506,0.43343304718175346,강세,강세,0.6078431372549019,True
20240115,2525.99,859.71,0.036656979898952224,True,False,0.4457181389076197,0.40819745475987634,강세,강세,0.49126344086021506,True
20240116,2497.59,854.83,0.016940482280303204,True,False,0.3850806451612903,0.33017183133274297,강세,강세,0.4457181389076197,False
20240117,2435.9,833.05,-0.006274528515704203,True,False,0.2684069611780455,0.28960885280646714,조정,강세,0.3850806451612903,False
20240118,2440.04,840.33,-0.012491773996427535,True,False,0.31057563587684067,0.30546483929467827,조정,조정,0.2684069611780455,False
20240119,2472.74,842.67,-0.01821041593848305,True,False,0.37398921832884097,0.38253241312883757,조정,조정,0.31057563587684067,False
20240122,2464.35,839.69,-0.02698787920925161,True,False,0.4,0.3984881092160239,조정,조정,0.37398921832884097,False
20240123,2478.61,840.11,-0.022491389742157697,True,False,0.4153116531165312,0.4508266003428707,조정,조정,0.4,False
20240124,2469.69,836.21,-0.02154173784840041,True,False,0.39414567733151806,0.49420674675105847,조정,조정,0.4153116531165312,False
20240125,2470.34,823.74,-0.02899780748284886,False,False,0.3666895133653187,0.44326842641465225,약세,조정,0.39414567733151806,False
20240126,2478.56,837.24,-0.026227334581700124,True,False,0.41395991706979957,0.4452090527127651,조정,약세,0.3666895133653187,False
20240129,2500.65,819.14,-0.054733027914652066,False,False,0.3575380359612725,0.42444328694699934,약세,조정,0.41395991706979957,False
20240130,2498.81,818.86,-0.06834446429180929,False,False,0.35452660677263304,0.40073392096598637,약세,약세,0.3575380359612725,False
20240131,2497.09,799.24,-0.08298817077228449,False,False,0.29909784871616935,0.3853301259499506,약세,약세,0.35452660677263304,False
20240201,2542.46,798.73,-0.07794516594516587,False,False,0.32044198895027626,0.4153869460681728,약세,약세,0.29909784871616935,False
20240202,2615.31,814.77,-0.07236460100417841,False,False,0.39544513457556935,0.44682783206871746,약세,약세,0.32044198895027626,False
20240205,2591.31,807.99,-0.08114040075511186,False,False,0.37828492392807744,0.4512538348349692,약세,약세,0.39544513457556935,False
20240206,2576.2,807.03,-0.08773060227889318,False,False,0.36721991701244816,0.43582017660565714,약세,약세,0.37828492392807744,False
20240207,2609.58,811.92,-0.07257898704680976,False,False,0.3984753984753985,0.4949345303764995,약세,약세,0.36721991701244816,False
20240208,2620.32,826.58,-0.06339727827949182,False,False,0.43754361479413817,0.5121262773971994,약세,약세,0.3984753984753985,False
20240213,2649.64,845.15,-0.026414616164408877,True,True,0.5596650383810189,0.5090839212616062,조정,약세,0.43754361479413817,False
20240214,2620.42,853.3,-0.007456002605529921,True,True,0.6157082748948106,0.5528580119969907,조정,조정,0.5596650383810189,True
20240215,2613.8,859.21,0.005123825789923098,True,True,0.6340097970608818,0.5705958994827505,강세,조정,0.6157082748948106,True
20240216,2648.76,857.6,0.02947001980673436,True,True,0.6624472573839663,0.5727550206292135,강세,강세,0.6340097970608818,True
20240219,2680.26,858.47,0.021586757583330396,True,True,0.6965034965034965,0.5694953912146643,강세,강세,0.6624472573839663,True
20240220,2657.79,866.17,0.02788754791318082,True,True,0.6797477224947442,0.4938800161164316,강세,강세,0.6965034965034965,True
20240221,2653.31,864.07,0.029034524646000204,True,True,0.6629055007052186,0.44276501899467313,강세,강세,0.6797477224947442,True
20240222,2664.27,870.11,0.03570960945590462,True,True,0.6555160142348755,0.44891848967944625,강세,강세,0.6629055007052186,True
20240223,2667.7,868.57,0.03869841307805455,True,True,0.6075498575498576,0.40332362509723996,강세,강세,0.6555160142348755,True
20240226,2647.08,867.4,0.05300216087600451,True,True,0.5196008553100498,0.35368753061438857,강세,강세,0.6075498575498576,True
20240227,2625.05,853.75,0.019719554727437805,True,True,0.4206405693950178,0.31754870317110484,강세,강세,0.5196008553100498,True
20240228,2652.29,863.39,0.05402006982933316,True,True,0.4581560283687943,0.36954162097562426,강세,강세,0.4206405693950178,True
20240229,2642.36,862.96,0.053855359890579546,True,True,0.4345364472753008,0.34283878785259025,강세,강세,0.4581560283687943,True
20240304,2674.27,872.97,0.09225013763074918,True,True,0.4599574769666903,0.3823478547890137,강세,강세,0.4345364472753008,True
20240305,2649.4,866.37,0.08468443654301194,True,True,0.40600428877769834,0.38880965394603295,강세,강세,0.4599574769666903,True
20240306,2641.49,870.67,0.06860831891208563,True,True,0.4121863799283154,0.4351015709347701,강세,강세,0.40600428877769834,True
20240307,2647.62,863.37,0.06854045223331973,True,True,0.3756308579668349,0.382082196500433,강세,강세,0.4121863799283154,True
20240308,2680.35,873.18,0.08196721311475397,True,True,0.4092219020172911,0.4263308468468458,강세,강세,0.3756308579668349,True
20240311,2659.84,875.93,0.07883781653364852,True,True,0.381294964028777,0.4060343073243887,강세,강세,0.4092219020172911,True
20240312,2681.81,889.71,0.07637494253429788,True,True,0.4031563845050215,0.43726270063258277,강세,강세,0.381294964028777,True
20240313,2693.57,889.93,0.052984677276223024,True,True,0.43072505384063176,0.45174082602657784,강세,강세,0.4031563845050215,True
20240314,2718.76,887.52,0.04010312902847768,True,True,0.4167262330235883,0.47722138093937216,강세,강세,0.43072505384063176,True
20240315,2666.84,880.46,0.024732021275357674,True,True,0.4054441260744986,0.4347633080592618,강세,강세,0.4167262330235883,True
20240318,2685.84,894.48,0.04300373134328361,True,True,0.45227920227920226,0.4585707236652386,강세,강세,0.4054441260744986,True
20240319,2656.17,891.91,0.03895302107237297,True,True,0.41928571428571426,0.4182948474610984,강세,강세,0.45227920227920226,True
20240320,2690.14,891.45,0.029185956567417515,True,True,0.44397163120567373,0.4121428106814554,강세,강세,0.41928571428571426,True
20240321,2754.86,904.29,0.04654715474440718,True,True,0.5109540636042402,0.4483185747936306,강세,강세,0.44397163120567373,True
20240322,2748.56,903.98,0.038926112790336864,True,True,0.5448129851799577,0.4747151954438197,강세,강세,0.5109540636042402,True
20240325,2737.57,913.69,0.051947453860943904,True,True,0.5368421052631579,0.4449176245936172,강세,강세,0.5448129851799577,True
20240326,2757.09,916.09,0.05613327184689876,True,True,0.5522807017543859,0.4767522110597827,강세,강세,0.5368421052631579,True
20240327,2755.11,911.25,0.06734992679355778,True,True,0.5280504908835905,0.46169088791215956,강세,강세,0.5522807017543859,True
20240328,2745.82,910.05,0.05404278483651659,True,True,0.503886925795053,0.406425870244315,강세,강세,0.5280504908835905,True
20240329,2746.63,905.5,0.04929544822471499,True,True,0.46511627906976744,0.38177065915855135,강세,강세,0.503886925795053,True
20240401,2747.86,912.45,0.045224921818619146,True,True,0.553835327234342,0.4408217351243279,강세,강세,0.46511627906976744,True
20240402,2753.16,891.59,0.029109964564793422,True,False,0.4515449438202247,0.3946765547576809,강세,강세,0.553835327234342,True
20240403,2706.97,879.96,0.010669943836356,True,False,0.376140350877193,0.36848517167163475,강세,강세,0.4515449438202247,False
20240404,2742.0,882.9,0.022620660898571954,True,False,0.400990099009901,0.3913063291028751,강세,강세,0.376140350877193,False
20240405,2714.21,872.29,-0.0010192629240247664,True,False,0.35390070921985817,0.37855026774711065,조정,강세,0.400990099009901,False
20240408,2717.65,860.57,-0.017535647825739353,False,False,0.3015647226173542,0.2945205289079344,약세,조정,0.35390070921985817,False
20240409,2705.16,859.33,-0.03414595767160089,False,False,0.2921108742004264,0.33384746964565826,약세,약세,0.3015647226173542,False
20240411,2706.96,858.1,-0.03576685806748836,False,False,0.27492877492877493,0.3544121719998343,약세,약세,0.2921108742004264,False
20240412,2681.82,860.47,-0.030478186407066787,False,False,0.28122769450392576,0.35283843249067387,약세,약세,0.27492877492877493,False
20240415,2670.43,852.42,-0.03184698907389327,False,False,0.2718239886444287,0.35841363546647786,약세,약세,0.28122769450392576,False
20240416,2609.63,832.81,-0.0689450854127539,False,False,0.19574468085106383,0.33457557568216945,약세,약세,0.2718239886444287,False
20240417,2584.18,833.03,-0.06601562937964589,False,False,0.22582921665490474,0.3500840801404206,약세,약세,0.19574468085106383,False
20240418,2634.7,855.65,-0.04015929104268334,False,False,0.2937013446567587,0.4489907526139721,약세,약세,0.22582921665490474,False
20240419,2591.86,841.91,-0.06898229550254897,False,False,0.24,0.40034101263232624,약세,약세,0.2937013446567587,False
20240422,2629.44,845.82,-0.0643377065864289,False,False,0.2857142857142857,0.46306648221892904,약세,약세,0.24,False
20240423,2623.02,845.44,-0.07469710733399726,False,False,0.30836363636363634,0.5205339225799865,약세,약세,0.2857142857142857,False
20240424,2675.75,862.23,-0.05879334999836261,False,False,0.39823008849557523,0.5725804998559216,약세,약세,0.30836363636363634,False
20240425,2628.62,853.26,-0.06363786008230454,False,False,0.3937592867756315,0.4647257147938415,약세,약세,0.39823008849557523,False
20240426,2656.33,856.82,-0.05849129168726985,False,False,0.41829085457271364,0.5212123286297807,약세,약세,0.3937592867756315,False
20240429,2687.44,869.72,-0.03951408061844286,True,True,0.5942467827403483,0.5518791264449623,조정,약세,0.41829085457271364,False
20240430,2692.06,868.93,-0.047695764151460485,True,True,0.6303353658536586,0.5593885499482882,조정,조정,0.5942467827403483,True
20240502,2683.65,867.48,-0.02704157740665558,True,True,0.6492307692307693,0.49708085764059595,조정,조정,0.6303353658536586,True
20240503,2676.63,865.59,-0.016330287740351834,False,True,0.6679566563467493,0.5218378488863005,약세,조정,0.6492307692307693,True
20240507,2734.36,871.26,-0.013183826027862722,True,True,0.730829420970266,0.5536838976928831,조정,약세,0.6679566563467493,True
20240508,2745.05,872.42,0.00014903300507862483,True,True,0.7564402810304449,0.5093256920187343,강세,조정,0.730829420970266,True
20240509,2712.14,870.15,0.011132156593885334,False,True,0.7105882352941176,0.4784865002444637,반등,강세,0.7564402810304449,True
20240510,2727.63,864.16,0.005620657954452879,False,True,0.6744730679156908,0.4808800629658953,반등,반등,0.7105882352941176,True
20240513,2727.21,854.43,-0.004276890805267497,False,False,0.6114551083591331,0.4652453880432946,약세,반등,0.6744730679156908,True
20240514,2730.34,862.15,0.0019524213511219468,False,True,0.656832298136646,0.4563164521088474,반등,약세,0.6114551083591331,False
20240516,2753.0,870.37,0.02105769456371287,False,True,0.6929012345679012,0.4629128611642729,반등,반등,0.656832298136646,True
20240517,2724.62,855.06,0.026716778136669728,False,False,0.6122605363984674,0.45563587220777074,반등,반등,0.6929012345679012,True
20240520,2742.14,847.08,0.016866139274696046,False,False,0.5658796648895659,0.4423207557925083,반등,반등,0.6122605363984674,False
20240521,2724.18,846.51,-0.010681937708175049,False,False,0.5181818181818182,0.44534261525399615,약세,반등,0.5658796648895659,False
20240522,2723.46,845.72,0.004525424332767258,False,False,0.5,0.4019518755589087,반등,약세,0.5181818181818182,False
20240523,2721.81,846.58,0.0008985363316071915,False,False,0.478030303030303,0.3655882391952723,반등,반등,0.5,False
20240524,2687.6,839.41,-0.007132380772142399,False,False,0.42641509433962266,0.36881935319801934,약세,반등,0.478030303030303,False
20240527,2722.99,847.99,-0.016515314939169357,False,False,0.42483171278982795,0.39436722298413496,약세,약세,0.42641509433962266,False
20240528,2722.85,851.01,-0.002636945362492038,False,False,0.4261321455085375,0.40994190071916903,약세,약세,0.42483171278982795,False
20240529,2677.3,838.45,-0.021439742302934106,False,False,0.36524300441826213,0.383908295149481,약세,약세,0.4261321455085375,False
20240530,2635.44,831.99,-0.04338177804350829,False,False,0.3157894736842105,0.35550584964177234,약세,약세,0.36524300441826213,False
20240531,2636.52,839.98,-0.033316837950122524,False,False,0.352081811541271,0.3986004649097685,약세,약세,0.3157894736842105,False
20240603,2682.52,844.72,-0.02623691612486745,False,False,0.42671480144404333,0.42711216603492347,약세,약세,0.352081811541271,False
20240604,2662.1,845.84,-0.02281680703335298,False,False,0.36059743954480794,0.3874713647600816,약세,약세,0.42671480144404333,False
20240605,2689.5,850.75,-0.023540619332920176,False,False,0.3572953736654804,0.41876702144591327,약세,약세,0.36059743954480794,False
20240607,2722.67,866.18,-0.007152518282478648,False,True,0.3843390804597701,0.4710331033172583,약세,약세,0.3572953736654804,False
20240610,2701.17,864.71,-0.006251795667413629,False,True,0.4014336917562724,0.45837441149553254,약세,약세,0.3843390804597701,True
20240611,2705.32,868.36,0.0048602110720237235,True,True,0.3975731620271235,0.40591667759220923,강세,약세,0.4014336917562724,True
20240612,2728.17,870.67,0.01900682326229175,True,True,0.4487908961593172,0.46907457232905136,강세,강세,0.3975731620271235,True
20240613,2754.89,871.33,0.01064779910688407,True,True,0.4689950106913756,0.4753225970244803,강세,강세,0.4487908961593172,True
20240614,2758.42,862.19,-0.00939830187161772,False,True,0.45253390435403285,0.44453209024360946,약세,강세,0.4689950106913756,True
20240617,2744.1,858.96,0.004561083432741642,False,True,0.4472182596291013,0.42896344534819636,반등,약세,0.45253390435403285,True
20240618,2763.92,858.95,0.014012844123341361,False,True,0.44325481798715205,0.4343881419934498,반등,반등,0.4472182596291013,True
20240619,2797.33,861.17,0.017318165172295563,False,True,0.42007168458781363,0.40489233039237493,반등,반등,0.44325481798715205,True
20240620,2807.63,857.51,0.013940784183890553,False,True,0.44396551724137934,0.4050227979454837,반등,반등,0.42007168458781363,True
20240621,2784.26,852.67,0.007193649743674424,False,False,0.38571428571428573,0.3845037809168307,반등,반등,0.44396551724137934,True
20240624,2764.73,841.52,0.0025136703160553164,False,False,0.33070301291248205,0.36096884312556304,반등,반등,0.38571428571428573,False
20240625,2774.39,841.99,-0.007075555136263345,False,False,0.35878962536023057,0.3839438897678338,약세,반등,0.33070301291248205,False
20240626,2792.05,842.12,-0.010446410735479028,False,False,0.3507246376811594,0.3866008945987517,약세,약세,0.35878962536023057,False
20240627,2784.06,838.65,0.00023853539268881008,False,False,0.3219971056439942,0.35468604522170355,반등,약세,0.3507246376811594,False
20240628,2797.82,840.44,0.010156372071779662,False,False,0.35311355311355314,0.4142098547455131,반등,반등,0.3219971056439942,False
20240701,2804.31,847.15,0.008535917521845793,False,False,0.35835172921265634,0.46069077845619155,반등,반등,0.35311355311355314,False
20240702,2780.86,829.91,-0.017532436783786465,False,False,0.28,0.3937702960140953,약세,반등,0.35835172921265634,False
20240703,2794.01,836.1,-0.011515180175919792,False,False,0.2606105733432614,0.36713049975436957,약세,약세,0.28,False
20240704,2824.94,840.81,-0.011683808404349127,False,False,0.292755787901419,0.4097522156384182,약세,약세,0.2606105733432614,False
20240705,2862.23,847.49,-0.02157750121221913,False,False,0.3026022304832714,0.3818322298002167,약세,약세,0.292755787901419,False
20240708,2857.76,859.27,-0.006291126504839872,True,True,0.3585746102449889,0.4183309654420075,조정,약세,0.3026022304832714,False
20240709,2867.38,860.42,-0.00914367313095954,True,True,0.39198218262806234,0.4751383563518483,조정,조정,0.3585746102449889,True
20240710,2867.99,858.55,-0.013920314240757126,True,True,0.4166666666666667,0.5017637904232988,조정,조정,0.39198218262806234,True
20240711,2891.35,852.42,-0.021702454867845833,False,True,0.42663656884875845,0.4832541943555707,약세,조정,0.4166666666666667,True
20240712,2857.0,850.37,-0.013709275217759442,False,True,0.42566037735849055,0.47939700139772556,약세,약세,0.42663656884875845,True
20240715,2860.92,852.88,-0.007078327279500862,False,True,0.47103658536585363,0.4446956777697899,약세,약세,0.42566037735849055,True
20240716,2866.09,839.61,-0.022515862390127483,False,False,0.44571865443425074,0.4142443860784336,약세,약세,0.47103658536585363,True
20240717,2843.29,829.41,-0.036880058525029846,False,False,0.42378048780487804,0.39849876240598076,약세,약세,0.44571865443425074,False
20240718,2824.35,822.48,-0.040850835558769005,False,False,0.3946564885496183,0.3746435995388764,약세,약세,0.42378048780487804,False
20240719,2795.46,828.72,-0.028088240468176373,False,False,0.37624521072796935,0.37848427039841515,약세,약세,0.3946564885496183,False
20240722,2763.51,809.96,-0.03750356497765939,False,False,0.3197852760736196,0.3297037825935371,약세,약세,0.37624521072796935,False
20240723,2774.29,812.12,-0.0354754807064217,False,False,0.3302681992337165,0.35008586983737694,약세,약세,0.3197852760736196,False
20240724,2758.71,814.25,-0.03309504583669787,False,False,0.3287037037037037,0.3630036656820021,약세,약세,0.3302681992337165,False
20240725,2710.65,797.29,-0.04931735527335601,False,False,0.25925925925925924,0.3403246062154108,약세,약세,0.3287037037037037,False
20240726,2731.9,797.56,-0.05102089381752428,False,False,0.315668202764977,0.36417509264654246,약세,약세,0.25925925925925924,False
20240729,2765.53,807.99,-0.04622557988549836,False,False,0.3625866050808314,0.4468925676272969,약세,약세,0.315668202764977,False
20240730,2738.19,803.78,-0.031485341784048826,False,False,0.32137404580152673,0.40152390335892213,약세,약세,0.3625866050808314,False
20240731,2770.69,803.15,-0.039409161583542685,False,False,0.350188679245283,0.43167973843928553,약세,약세,0.32137404580152673,False
20240801,2777.68,813.53,-0.032444904318454815,False,False,0.3955960516324981,0.5366640602706081,약세,약세,0.350188679245283,False
20240802,2676.19,779.33,-0.08042572773720036,False,False,0.22907153729071536,0.4417633455289742,약세,약세,0.3955960516324981,False
20240805,2441.55,691.28,-0.19550315965878018,False,False,0.058208955223880594,0.31247870636911534,약세,약세,0.22907153729071536,False
20240806,2522.15,732.87,-0.14824155644917592,False,False,0.1016320474777448,0.4608715756467559,약세,약세,0.058208955223880594,False
20240807,2568.41,748.54,-0.1281346456234349,False,False,0.1662938105891126,0.5014154671386024,약세,약세,0.1016320474777448,False
20240808,2556.73,745.28,-0.1256892142371131,False,False,0.20014936519790888,0.439368914418188,약세,약세,0.1662938105891126,False
20240809,2588.43,764.43,-0.10106189070639848,False,False,0.24905944319036868,0.5857941113767966,약세,약세,0.20014936519790888,False
20240812,2618.3,772.72,-0.09398743082262451,False,False,0.3004518072289157,0.7316082635077084,약세,약세,0.24905944319036868,False
20240813,2621.5,764.86,-0.08902943033074884,False,False,0.2983508245877061,0.5980659842022572,약세,약세,0.3004518072289157,False
20240814,2644.5,776.83,-0.06339446112296687,False,False,0.37228464419475654,0.5876762867603013,약세,약세,0.2983508245877061,False
20240816,2697.23,786.33,-0.04395243653341108,False,True,0.42900302114803623,0.6137862033008047,약세,약세,0.37228464419475654,False
20240819,2674.36,777.47,-0.06184235930109083,False,False,0.42014925373134326,0.521877237969448,약세,약세,0.42900302114803623,True
20240820,2696.63,787.44,-0.027803842165045167,False,True,0.531578947368421,0.5139836334762873,약세,약세,0.42014925373134326,False
20240821,2701.13,779.87,-0.039710880165492735,False,True,0.5222305953278071,0.5285974268056964,약세,약세,0.531578947368421,True
20240822,2707.67,773.47,-0.05008289837273561,False,False,0.4708994708994709,0.43482178920983416,약세,약세,0.5222305953278071,True
20240823,2701.69,773.26,-0.030139597887845038,False,False,0.4659090909090909,0.40801596663361883,약세,약세,0.4708994708994709,False
20240826,2698.01,766.79,-0.03858016951702692,False,False,0.4396946564885496,0.4039223127655546,약세,약세,0.4659090909090909,False
20240827,2689.25,764.95,-0.05326798598992555,False,False,0.4728385615914308,0.35545339755480393,약세,약세,0.4396946564885496,False
20240828,2689.83,762.5,-0.05135733658463759,False,False,0.45198170731707316,0.34315178654886724,약세,약세,0.4728385615914308,False
20240829,2662.28,756.04,-0.05865653987424513,False,False,0.4059633027522936,0.34648657612218886,약세,약세,0.45198170731707316,False
20240830,2674.31,767.66,-0.056383907169987646,False,True,0.5119139123750961,0.40803014400703275,약세,약세,0.4059633027522936,False
20240902,2681.0,769.21,-0.012985513197233511,False,True,0.4957463263727765,0.41304552335442885,약세,약세,0.5119139123750961,True
20240903,2664.63,760.37,0.09994502951047335,False,False,0.4524380495603517,0.39993723416328747,반등,약세,0.4957463263727765,True
20240904,2580.8,731.75,-0.0015282382960143392,False,False,0.26823338735818475,0.35597772315407694,약세,반등,0.4524380495603517,False
20240905,2575.5,725.28,-0.031073823710155768,False,False,0.25161812297734626,0.3714285708129944,약세,약세,0.26823338735818475,False
20240906,2544.28,706.59,-0.051913374838986615,False,False,0.18269230769230768,0.259855865399013,약세,약세,0.25161812297734626,False
20240909,2535.93,714.46,-0.06536896772758771,False,False,0.1957757920389927,0.31774993098870646,약세,약세,0.18269230769230768,False
20240910,2523.43,706.2,-0.08608551609897497,False,False,0.19218241042345277,0.2966056737560561,약세,약세,0.1957757920389927,False
20240911,2513.37,709.42,-0.07248385325419038,False,False,0.1793831168831169,0.37179142803419285,약세,약세,0.19218241042345277,False
20240912,2572.09,731.03,-0.05895755828173488,False,False,0.28125,0.4760608242188292,약세,약세,0.1793831168831169,False
20240913,2575.41,733.2,-0.06756705200106827,False,False,0.3294701986754967,0.5524596185811997,약세,약세,0.28125,False
20240919,2580.8,739.51,-0.04882503504958391,False,False,0.3920265780730897,0.5275606222758974,약세,약세,0.3294701986754967,False
20240920,2593.37,748.33,-0.04966727623691969,False,True,0.45688225538971805,0.5841857485446621,약세,약세,0.3920265780730897,False
20240923,2602.01,755.12,-0.031736058573864856,False,True,0.49421487603305786,0.5924265986036941,약세,약세,0.45688225538971805,True
20240924,2631.68,767.35,-0.00791239479229966,False,True,0.5914786967418546,0.5529137539921651,약세,약세,0.49421487603305786,True
20240925,2596.32,759.3,-0.018053436101699294,False,True,0.584717607973422,0.5243544263646103,약세,약세,0.5914786967418546,True
20240926,2671.57,779.18,0.016158270191316992,False,True,0.7425742574257426,0.5908440155228616,반등,약세,0.584717607973422,True
20240927,2649.78,774.49,0.012471403359696653,False,True,0.7126436781609196,0.547343946083523,반등,반등,0.7425742574257426,True
20240930,2593.27,763.88,0.0018098360655738333,False,True,0.6052631578947368,0.48682823272989095,반등,반등,0.7126436781609196,True
20241002,2561.69,762.13,0.008055129358235158,False,True,0.48514851485148514,0.3911062545170321,반등,반등,0.6052631578947368,True
20241004,2569.71,768.98,0.0017195112419561287,False,True,0.5194054500412882,0.41841791315010485,반등,반등,0.48514851485148514,True
20241007,2610.38,781.01,0.015340414191183038,True,True,0.6579163248564397,0.3925128944283804,강세,반등,0.5194054500412882,True
20241008,2594.36,778.24,0.02350171626971087,True,True,0.5955518945634267,0.3825351579494793,강세,강세,0.6579163248564397,True
20241010,2599.16,775.48,0.0597608472839084,True,True,0.5743631881676253,0.4191519734578476,강세,강세,0.5955518945634267,True
20241011,2596.91,770.98,0.06301014780498582,False,True,0.5435855263157895,0.4507683752296037,반등,강세,0.5743631881676253,True
20241014,2623.29,770.26,0.09010883256202318,False,True,0.5674110835401158,0.4595399132198626,반등,반등,0.5435855263157895,True
20241015,2633.45,773.81,0.08306973098563941,True,True,0.5476973684210527,0.40725967920578726,강세,반등,0.5674110835401158,True
20241016,2610.36,765.79,0.08438119512885867,False,True,0.4856909239574816,0.4072956455348374,반등,강세,0.5476973684210527,True
20241017,2609.3,765.06,0.07843026697865851,False,True,0.4580277098614507,0.41190891088264375,반등,반등,0.4856909239574816,True
20241018,2593.82,753.22,0.030354431418683214,False,False,0.40098199672667756,0.39290614363309595,반등,반등,0.4580277098614507,True
20241021,2604.92,759.95,0.036483906164757274,False,False,0.4144144144144144,0.387718596510065,반등,반등,0.40098199672667756,False
20241022,2570.7,738.34,-0.0015821287068463752,False,False,0.33170334148329256,0.3347508317436257,약세,반등,0.4144144144144144,False
20241023,2599.62,745.19,-0.004196009781780696,False,False,0.3284552845528455,0.3872445663293771,약세,약세,0.33170334148329256,False
20241024,2581.03,734.59,-0.02718773175124478,False,False,0.3080684596577017,0.3606756991737129,약세,약세,0.3284552845528455,False
20241025,2583.27,727.41,-0.052049260441780265,False,False,0.2724306688417618,0.36736011191136914,약세,약세,0.3080684596577017,False
20241028,2612.43,740.48,-0.024785987093375428,False,False,0.30864197530864196,0.40409745531537916,약세,약세,0.2724306688417618,False
20241029,2617.8,744.18,-0.044919017428578734,False,False,0.34024896265560167,0.4568921473585165,약세,약세,0.30864197530864196,False
20241030,2593.79,738.19,-0.04686955286704797,False,False,0.341687552213868,0.40858153342530945,약세,약세,0.34024896265560167,False
20241031,2556.15,743.06,-0.02725558988322785,False,False,0.35126050420168065,0.4579293312241356,약세,약세,0.341687552213868,False
20241101,2542.36,729.05,-0.04340466849487623,False,False,0.2830820770519263,0.4452435532313987,약세,약세,0.35126050420168065,False
20241104,2588.97,754.08,-0.01937631667923745,False,False,0.3799163179916318,0.4519835707942893,약세,약세,0.2830820770519263,False
20241105,2576.88,751.81,-0.037387485435525836,False,False,0.42414082145850796,0.46495884495580553,약세,약세,0.3799163179916318,False
20241106,2563.51,743.31,-0.044883326480263275,False,False,0.4120603015075377,0.46763723271750457,약세,약세,0.42414082145850796,False
20241107,2564.63,733.52,-0.05410842317016562,False,False,0.38474434199497065,0.43133879716558055,약세,약세,0.4120603015075377,False
20241108,2561.15,743.38,-0.03579859399725027,False,False,0.40672268907563025,0.48476812869718816,약세,약세,0.38474434199497065,False
20241111,2531.66,728.84,-0.05377405032067084,False,False,0.31139240506329113,0.38307577483175026,약세,약세,0.40672268907563025,False
20241112,2482.57,710.52,-0.08179010351378246,False,False,0.24060150375939848,0.30888050739520695,약세,약세,0.31139240506329113,False
20241113,2417.08,689.65,-0.09942673578918504,False,False,0.1800670016750419,0.2675069730568485,약세,약세,0.24060150375939848,False
20241114,2418.86,681.56,-0.10914176665882414,False,False,0.19083333333333333,0.2757942041269798,약세,약세,0.1800670016750419,False
20241115,2416.86,685.42,-0.09001354186027999,False,False,0.2248126561199001,0.2932086836573432,약세,약세,0.19083333333333333,False
20241118,2469.07,689.55,-0.09263767353115349,False,False,0.27566225165562913,0.37408735468313464,약세,약세,0.2248126561199001,False
20241119,2471.95,686.12,-0.07072622369098247,False,False,0.3014950166112957,0.4453488417340954,약세,약세,0.27566225165562913,False
20241120,2482.29,682.91,-0.0835760007514863,False,False,0.32523051131601005,0.5005267991377664,약세,약세,0.3014950166112957,False
20241121,2480.63,680.67,-0.07340148926612133,False,False,0.31512605042016806,0.49324388597250035,약세,약세,0.32523051131601005,False
20241122,2501.24,677.01,-0.06928692209345488,False,False,0.33248945147679326,0.4813089653543095,약세,약세,0.31512605042016806,False
20241125,2534.34,696.83,-0.05894824978392388,False,False,0.4072208228379513,0.5016170430451586,약세,약세,0.33248945147679326,False
20241126,2520.36,693.15,-0.0685721196484721,False,False,0.4340567612687813,0.5092965088214524,약세,약세,0.4072208228379513,False
20241127,2503.06,692.0,-0.06257196656687314,False,False,0.4329470198675497,0.502477620493846,약세,약세,0.4340567612687813,False
20241128,2504.67,694.39,-0.06549942131187247,False,False,0.46484698097601324,0.5351865055366969,약세,약세,0.4329470198675497,False
20241129,2455.91,678.19,-0.06976201906590751,False,False,0.36820428336079075,0.4669658172238349,약세,약세,0.46484698097601324,False
20241202,2454.48,675.84,-0.10375556970082755,False,False,0.3316953316953317,0.3737074111190813,약세,약세,0.36820428336079075,False
20241203,2500.1,690.8,-0.0811508226812625,False,False,0.43652743652743653,0.423603702918545,약세,약세,0.3316953316953317,False
20241204,2464.0,677.15,-0.08900727825537125,False,False,0.34562951082598237,0.38210344003597124,약세,약세,0.43652743652743653,False
20241205,2441.85,670.94,-0.08531464718071757,False,False,0.28789093825180434,0.3329030762845559,약세,약세,0.34562951082598237,False
20241206,2428.16,661.33,-0.11037423659501189,False,False,0.24742268041237114,0.34441142391274254,약세,약세,0.28789093825180434,False
20241209,2360.58,627.01,-0.1397151638219637,False,False,0.14566929133858267,0.3046248800317105,약세,약세,0.24742268041237114,False
20241210,2417.84,661.59,-0.06886505657828068,False,False,0.27106518282988873,0.33798711927630265,약세,약세,0.14566929133858267,False
20241211,2442.51,675.92,-0.01990864931486991,False,False,0.43454258675078866,0.47574942072406756,약세,약세,0.27106518282988873,False
20241212,2482.12,683.35,0.002626327836140696,False,True,0.4940991345397325,0.5445225012944623,반등,약세,0.43454258675078866,False
20241213,2494.46,693.73,0.012123953196580217,False,True,0.60062893081761,0.6434834686808334,반등,반등,0.4940991345397325,True
20241216,2488.97,698.53,0.013022986005365889,False,True,0.6434714620797498,0.7476717801692625,반등,반등,0.60062893081761,True
20241217,2456.81,694.47,0.012169882819331956,False,True,0.6568093385214008,0.6446715265395742,반등,반등,0.6434714620797498,True
20241218,2484.43,697.57,0.021466957578597512,False,True,0.6933744221879815,0.5795268973357033,반등,반등,0.6568093385214008,True
20241219,2435.93,684.36,0.005421129181541806,False,True,0.58,0.5041179522288824,반등,반등,0.6933744221879815,True
20241220,2404.15,668.31,-0.012850622590508287,False,False,0.42615384615384616,0.38973430443014023,약세,반등,0.58,True
20241223,2442.01,679.24,-0.025242885639252033,False,False,0.57,0.42348663497684136,약세,약세,0.42615384615384616,False
20241224,2440.52,680.11,-0.01881266681093552,False,True,0.5415695415695416,0.4043911606284488,약세,약세,0.57,False
20241226,2429.67,675.64,-0.023641618497109884,False,False,0.4905511811023622,0.35446189331228706,약세,약세,0.5415695415695416,True
20241227,2404.77,665.97,-0.040928008755886425,False,False,0.33752950432730133,0.3464719399139937,약세,약세,0.4905511811023622,False
20241230,2399.49,678.19,0.0,False,True,0.42563291139240506,0.4401048513063988,약세,약세,0.33752950432730133,False
20250102,2398.94,686.63,0.015965317234848397,False,True,0.5079491255961844,0.41614740970189834,반등,약세,0.42563291139240506,True
20250103,2441.92,705.76,0.021656050955414008,False,True,0.6321656050955414,0.4957127841717314,반등,반등,0.5079491255961844,True
20250106,2488.64,717.96,0.0602672967584732,True,True,0.7117973079968329,0.579638320795568,강세,반등,0.6321656050955414,True
20250107,2492.1,718.29,0.07057262944525577,True,True,0.7066246056782335,0.6311405285010683,강세,강세,0.7117973079968329,True
20250108,2521.05,719.63,0.08815568626857995,True,True,0.7089611419508327,0.6019390207565617,강세,강세,0.7066246056782335,True
20250109,2521.9,723.52,0.1539209900958518,True,True,0.6566217287866772,0.5551589524482944,강세,강세,0.7089611419508327,True
20250110,2515.78,717.89,0.08509802143321377,True,True,0.6642685851318945,0.49691917484362663,강세,강세,0.6566217287866772,True
20250113,2489.56,708.21,0.04777192567167732,True,True,0.5742971887550201,0.4083520798603681,강세,강세,0.6642685851318945,True
20250114,2497.4,718.04,0.05076461549718281,True,True,0.6241935483870967,0.4417554583075036,강세,강세,0.5742971887550201,True
20250115,2496.81,711.61,0.025773715999019675,True,True,0.588042588042588,0.40920611854166894,강세,강세,0.6241935483870967,True
20250116,2527.49,724.24,0.03680586374243067,True,True,0.6537510305028854,0.46624586702378157,강세,강세,0.588042588042588,True
20250117,2523.55,724.69,0.04351519864069009,True,True,0.632183908045977,0.46376273038038696,강세,강세,0.6537510305028854,True
20250120,2520.05,727.66,0.04313545593990553,True,True,0.6359183673469387,0.4979212419777969,강세,강세,0.632183908045977,True
20250121,2518.03,726.07,0.06094745455608175,True,True,0.6182707993474714,0.4687840004896109,강세,강세,0.6359183673469387,True
20250122,2547.06,732.31,0.09576394188325787,True,True,0.6170212765957447,0.5031016092753047,강세,강세,0.6182707993474714,True
20250123,2515.49,724.01,0.06591190153701199,True,True,0.5098039215686274,0.40445648483366214,강세,강세,0.6170212765957447,True
20250124,2536.8,728.74,0.07150313919807094,True,True,0.5283630470016207,0.42925149645033595,강세,강세,0.5098039215686274,True
20250131,2517.37,728.29,0.07792611449884546,True,True,0.4731270358306189,0.41910564788289595,강세,강세,0.5283630470016207,True
20250203,2453.95,703.8,0.05680436055678162,True,False,0.3273905996758509,0.3609811651069528,강세,강세,0.4731270358306189,True
20250204,2481.69,719.92,0.0615314292454916,True,True,0.40308191403081917,0.4233654340450344,강세,강세,0.3273905996758509,False
20250205,2509.27,730.98,0.0645908276655549,True,True,0.44706840390879476,0.5162269869180837,강세,강세,0.40308191403081917,True
20250206,2536.75,740.32,0.04896848787123109,True,True,0.5174938974776241,0.5194510704847262,강세,강세,0.44706840390879476,True
20250207,2521.92,742.9,0.03473731127082291,True,True,0.4967479674796748,0.5168881086987565,강세,강세,0.5174938974776241,True
20250210,2521.27,749.67,0.04368709017249306,True,True,0.5427176566314077,0.598875810022651,강세,강세,0.4967479674796748,True
20250211,2539.05,749.59,0.041632505593152125,True,True,0.5588952071486596,0.5312244435589725,강세,강세,0.5427176566314077,True
20250212,2548.39,745.18,0.02993697478991586,True,True,0.5209677419354839,0.46476284851851857,강세,강세,0.5588952071486596,True
20250213,2583.17,749.28,0.04372536182423481,True,True,0.5824,0.46617902427116303,강세,강세,0.5209677419354839,True
20250214,2591.05,756.32,0.06793182813007448,True,True,0.5896,0.4869204876857971,강세,강세,0.5824,True
20250217,2610.42,768.48,0.0702467829090303,True,True,0.6762132060461417,0.5122126028579203,강세,강세,0.5896,True
20250218,2626.81,773.65,0.08718258596703254,True,True,0.7033227848101266,0.5284572429056329,강세,강세,0.6762132060461417,True
20250219,2671.52,778.27,0.07460234176516067,True,True,0.7389589905362776,0.5742764145755219,강세,강세,0.7033227848101266,True
20250220,2654.06,768.27,0.060136058176599505,True,True,0.7012480499219969,0.5261111727658496,강세,강세,0.7389589905362776,True
20250221,2654.58,774.65,0.06457686282054809,True,True,0.6986729117876659,0.5247634756542181,강세,강세,0.7012480499219969,True
20250224,2645.27,773.33,0.06509014282369474,True,True,0.6860916860916861,0.4688227576609941,강세,강세,0.6986729117876659,True
20250225,2630.29,769.43,0.050688915896273556,True,True,0.6453353893600616,0.42302256637243135,강세,강세,0.6860916860916861,True
20250226,2641.09,771.41,0.06546870899573198,True,True,0.6566820276497696,0.41406207365799547,강세,강세,0.6453353893600616,True
20250227,2621.75,770.85,0.05778466942942617,True,True,0.5974222896133434,0.40469791440625774,강세,강세,0.6566820276497696,True
20250228,2532.78,743.96,0.02151615427920217,True,False,0.400300978179082,0.33512190948628656,강세,강세,0.5974222896133434,True
20250304,2528.92,737.9,0.04845126456379667,True,False,0.33358490566037735,0.3112812972683158,강세,강세,0.400300978179082,False
20250305,2558.13,746.95,0.03754583842649195,True,False,0.42696629213483145,0.39771700744940214,강세,강세,0.33358490566037735,False
20250306,2576.16,734.92,0.005390024350871325,True,False,0.41366366366366364,0.37193408166647635,강세,강세,0.42696629213483145,False
20250307,2563.48,727.7,-0.017046682515668876,True,False,0.3724756918474196,0.3756194737525686,조정,강세,0.41366366366366364,False
20250310,2570.39,725.82,-0.022990981289540913,True,False,0.3630239520958084,0.43582581051471025,조정,조정,0.3724756918474196,False
20250311,2537.6,721.5,-0.03757653367481684,True,False,0.28969149736644095,0.4288729874245729,조정,조정,0.3630239520958084,False
20250312,2574.82,729.49,-0.026814658680078485,True,False,0.31897203325774753,0.4040791497896438,조정,조정,0.28969149736644095,False
20250313,2573.64,722.8,-0.030033012158136252,False,False,0.3045141545524101,0.3901346008030137,약세,조정,0.31897203325774753,False
20250314,2566.36,734.26,-0.020045910740977946,True,False,0.35901386748844377,0.45798341717432545,조정,약세,0.3045141545524101,False
20250317,2610.69,743.51,-0.01693727522741706,True,False,0.4067796610169492,0.4889386869121995,조정,조정,0.35901386748844377,False
20250318,2612.34,745.54,-0.02985113470747458,True,False,0.4250386398763524,0.5240695158930954,조정,조정,0.4067796610169492,False
20250319,2628.62,738.35,-0.04562786789892059,True,False,0.4273570324574961,0.4882314540669566,조정,조정,0.4250386398763524,False
20250320,2637.1,725.15,-0.0682539478587123,False,False,0.3790951638065523,0.4773311894412223,약세,조정,0.4273570324574961,False
20250321,2643.13,719.41,-0.06359743319405942,False,False,0.37578125,0.4194876320452285,약세,약세,0.3790951638065523,False
20250324,2632.07,720.22,-0.07026399018911755,False,False,0.39780736100234926,0.3913023509127592,약세,약세,0.37578125,False
20250325,2615.81,711.26,-0.08026327699688363,False,False,0.33726415094339623,0.36075327583961075,약세,약세,0.39780736100234926,False
20250326,2643.94,716.48,-0.0688171763513249,False,False,0.37707509881422924,0.37987283647519854,약세,약세,0.33726415094339623,False
20250327,2607.15,707.49,-0.08286125406722744,False,False,0.32436708860759494,0.37289056984276103,약세,약세,0.37707509881422924,False
20250328,2557.98,693.76,-0.10000648634624121,False,False,0.23918174665617625,0.3332835920693543,약세,약세,0.32436708860759494,False
20250331,2481.12,672.85,-0.09558309586536917,False,False,0.14932486100079428,0.270023979059066,약세,약세,0.23918174665617625,False
20250401,2521.39,691.45,-0.06294890906626904,False,False,0.2519872813990461,0.37336886112203904,약세,약세,0.14932486100079428,False
20250402,2505.86,684.85,-0.08313809491933866,False,False,0.2278177458033573,0.31798613173242823,약세,약세,0.2519872813990461,False
20250403,2486.7,683.49,-0.0699804060305883,False,False,0.22078968573730862,0.33400909198294076,약세,약세,0.2278177458033573,False
20250404,2465.42,687.39,-0.05539370619760897,False,False,0.24939855653568566,0.41180234180927455,약세,약세,0.22078968573730862,False
20250407,2328.2,651.3,-0.10267008349177498,False,False,0.18174665617623917,0.41000980355285616,약세,약세,0.24939855653568566,False
20250408,2334.23,658.45,-0.08738738738738727,False,False,0.2094488188976378,0.3639211488954196,약세,약세,0.18174665617623917,False
20250409,2293.7,643.39,-0.11802766316193503,False,False,0.1859375,0.34162848302811344,약세,약세,0.2094488188976378,False
20250410,2445.06,681.79,-0.05673768677365798,False,False,0.29049844236760125,0.46755019725214647,약세,약세,0.1859375,False
20250411,2432.72,695.59,-0.052665268433524814,False,False,0.3722007722007722,0.49029116940771367,약세,약세,0.29049844236760125,False
20250414,2455.89,708.98,-0.04644187704267588,False,True,0.4880123743232792,0.6159904653199153,약세,약세,0.3722007722007722,False
20250415,2477.41,711.92,-0.04509483059259056,False,True,0.599845797995374,0.6396574375574835,약세,약세,0.4880123743232792,True
20250416,2447.43,699.11,-0.05314552718900256,False,True,0.5520431765612953,0.6594564930702053,약세,약세,0.599845797995374,True
20250417,2470.41,711.75,-0.01847893539267731,False,True,0.6393188854489165,0.6147871644435258,약세,약세,0.5520431765612953,True
20250418,2483.42,717.77,-0.0022796458208810266,False,True,0.6965408805031447,0.5991321293545284,약세,약세,0.6393188854489165,True
20250421,2488.42,715.45,-0.006622976312793294,False,True,0.7214791502753737,0.5387357445359539,약세,약세,0.6965408805031447,True
20250422,2486.64,716.12,0.006832944352276327,False,True,0.7167449139280125,0.4774164365868284,반등,약세,0.7214791502753737,True
20250423,2525.56,726.08,0.013398838767306964,True,True,0.8189522342064715,0.553802858732042,강세,반등,0.7167449139280125,True
20250424,2522.33,726.08,0.026275989766639807,True,True,0.8035168195718655,0.4904153695016807,강세,강세,0.8189522342064715,True
20250425,2546.3,729.69,0.051790244464944735,True,True,0.835990888382688,0.4925908397671496,강세,강세,0.8035168195718655,True
20250428,2548.86,719.41,0.06919818681726975,False,True,0.7526475037821483,0.46110682120337804,반등,강세,0.835990888382688,True
20250429,2565.42,726.46,0.05063272832453536,True,True,0.7945823927765236,0.5174328385060907,강세,반등,0.7526475037821483,True
20250430,2556.61,717.24,0.04729502810834485,False,True,0.7155688622754491,0.451849905758335,반등,강세,0.7945823927765236,True
20250502,2559.79,721.86,0.05613834876881896,False,True,0.6966966966966966,0.4581975377940405,반등,반등,0.7155688622754491,True
20250507,2573.8,722.81,0.05152824451912297,False,True,0.7246596066565809,0.4551690622668659,반등,반등,0.6966966966966966,True
20250508,2579.48,729.59,0.12020574236143111,True,True,0.7201520912547529,0.5191892413940093,강세,반등,0.7246596066565809,True
20250509,2577.27,722.52,0.09730427519173812,False,True,0.6527355623100304,0.45318410921290103,반등,강세,0.7201520912547529,True
20250512,2607.33,725.4,0.12746545641057527,True,True,0.6910197869101978,0.5254421046375767,강세,반등,0.6527355623100304,True
20250513,2608.42,731.88,0.07346837002596107,True,True,0.673469387755102,0.5329904693287986,강세,강세,0.6910197869101978,True
20250514,2640.57,739.05,0.06247933409048412,True,True,0.6887716654107008,0.5385756221025069,강세,강세,0.673469387755102,True
20250515,2621.36,733.23,0.03420406781573537,True,True,0.6232209737827715,0.4776132319343237,강세,강세,0.6887716654107008,True
20250516,2626.87,725.07,0.018471176536689615,True,True,0.5174461766889383,0.4708600733899506,강세,강세,0.6232209737827715,True
20250519,2603.42,713.75,0.020940910586316974,False,False,0.42415316642120765,0.384649938062459,반등,강세,0.5174461766889383,True
20250520,2601.8,715.55,0.005338953284158787,False,False,0.45139911634756996,0.4065035821546893,반등,반등,0.42415316642120765,False
20250521,2625.58,723.62,0.008150243114089406,True,False,0.48268238761974946,0.39213470359982927,강세,반등,0.45139911634756996,False
20250522,2593.67,717.67,0.0031029422042070376,False,False,0.42783505154639173,0.38245843369420685,반등,강세,0.48268238761974946,False
20250523,2592.09,715.98,-0.00019549796123552454,False,False,0.43237250554323725,0.40480488149559524,약세,반등,0.42783505154639173,False
20250526,2644.4,725.27,-0.0011155795504628196,True,True,0.4787788533134773,0.4854520379178665,조정,약세,0.43237250554323725,False
20250527,2637.22,727.11,0.0014185764654033317,True,True,0.4725111441307578,0.4377562524453927,강세,조정,0.4787788533134773,True
20250528,2670.15,728.79,-0.0012334004851376479,True,True,0.5155555555555555,0.4396543391835678,조정,강세,0.4725111441307578,True
20250529,2720.64,736.29,0.023463671619799564,True,True,0.588929889298893,0.5328984739813223,강세,조정,0.5155555555555555,True
20250530,2697.67,734.35,0.01086088704126853,True,True,0.5537673738112655,0.5162451348736145,강세,강세,0.588929889298893,True
20250602,2698.97,740.29,0.03213708103284807,True,True,0.5511695906432749,0.47823485414573363,강세,강세,0.5537673738112655,True
20250604,2770.84,750.21,0.039273543346355355,True,True,0.6787790697674418,0.5617575225171356,강세,강세,0.5511695906432749,True
20250605,2812.05,756.23,0.04623621698648339,True,True,0.7284576393917451,0.5654973782309233,강세,강세,0.6787790697674418,True
20250609,2855.77,764.21,0.04745130826902777,True,True,0.7711442786069652,0.5534320328439939,강세,강세,0.7284576393917451,True
20250610,2871.85,771.2,0.06737529756961758,True,True,0.7724719101123596,0.5771718921274245,강세,강세,0.7711442786069652,True
20250611,2907.04,786.29,0.08393989523021772,True,True,0.8142957252978276,0.6178832974803301,강세,강세,0.7724719101123596,True
20250612,2920.03,789.45,0.07866043613707174,True,True,0.8218232044198895,0.5590515487973031,강세,강세,0.8142957252978276,True
20250613,2894.62,768.86,0.040335565929233486,True,True,0.6878850102669405,0.4785831205684953,강세,강세,0.8218232044198895,True
20250616,2946.66,777.26,0.06004937059312909,True,True,0.720467032967033,0.47160564530743787,강세,강세,0.6878850102669405,True
20250617,2950.3,775.65,0.06975878191071194,True,True,0.7154582763337893,0.46337599990864603,강세,강세,0.720467032967033,True
20250618,2972.19,779.73,0.0924413309982488,True,True,0.7115516062884484,0.4336408989530973,강세,강세,0.7154582763337893,True
20250619,2977.74,782.51,0.09357836629166383,True,True,0.7060420909708078,0.4275685206369612,강세,강세,0.7115516062884484,True
20250620,3021.84,791.53,0.09384759956883437,True,True,0.7422611036339165,0.5006155219441653,강세,강세,0.7060420909708078,True
20250623,3014.47,784.79,0.09352487912271656,True,True,0.6323232323232323,0.43909278542142866,강세,강세,0.7422611036339165,True
20250624,3103.64,800.93,0.11864856560239101,True,True,0.7531772575250836,0.5151405323571788,강세,강세,0.6323232323232323,True
20250625,3108.25,798.21,0.10056944310394766,True,True,0.7343957503320053,0.49751887952898377,강세,강세,0.7531772575250836,True
20250626,3079.56,787.95,0.08367372199529655,True,True,0.6101583113456465,0.448988785505873,강세,강세,0.7343957503320053,True
20250627,3055.94,781.56,0.07240768945786846,True,True,0.4908256880733945,0.390348333510932,강세,강세,0.6101583113456465,True
20250630,3071.7,781.5,0.06140243653995037,True,True,0.49051667756703726,0.42324807432434197,강세,강세,0.4908256880733945,True
20250701,3089.65,783.67,0.06716143528290308,True,True,0.5733855185909981,0.38893050783286237,강세,강세,0.49051667756703726,True
20250702,3075.06,782.17,0.05657242432019882,True,True,0.5354126055880442,0.3802574676996978,강세,강세,0.5733855185909981,True
20250703,3116.27,793.33,0.057477239706215544,True,True,0.5993485342019544,0.46941417186718815,강세,강세,0.5354126055880442,True
20250704,3054.28,775.8,0.025878370337066636,True,False,0.45667752442996745,0.4557096538707657,강세,강세,0.5993485342019544,True
20250707,3059.47,778.46,0.0186467070569607,True,False,0.4418300653594771,0.44702064785632584,강세,강세,0.45667752442996745,False
20250708,3114.95,784.24,0.016908713692945998,True,True,0.5006544502617801,0.45226871566983873,강세,강세,0.4418300653594771,False
20250709,3133.74,790.36,0.005176207251777365,True,True,0.5642530984996739,0.5067028731080817,강세,강세,0.5006544502617801,True
20250710,3183.23,797.7,0.010450313509405174,True,True,0.6120576671035387,0.4902907163976852,강세,강세,0.5642530984996739,True
20250711,3175.77,800.47,0.041112816377493866,True,True,0.6292875989445911,0.5576132607240025,강세,강세,0.6120576671035387,True
20250714,3202.03,799.37,0.028446079818850833,True,True,0.6152317880794702,0.5615270381555049,강세,강세,0.6292875989445911,True
20250715,3215.28,812.88,0.04799845291046223,True,True,0.6313333333333333,0.5299361131991349,강세,강세,0.6152317880794702,True
20250716,3186.38,812.23,0.04168109473792203,True,True,0.570286475682878,0.455005332110815,강세,강세,0.6313333333333333,True
20250717,3192.29,818.27,0.0456990964971693,True,True,0.581781914893617,0.4316425563934619,강세,강세,0.570286475682878,True
20250718,3188.07,820.67,0.036814776445617925,True,True,0.5559973492379059,0.39858409100286785,강세,강세,0.581781914893617,True
20250721,3210.81,821.69,0.04701894774398263,True,True,0.5640854472630173,0.4019705046758447,강세,강세,0.5559973492379059,True
20250722,3169.94,812.97,0.01503252469004801,True,True,0.4861580013504389,0.35379485759054197,강세,강세,0.5640854472630173,True
20250723,3183.77,813.56,0.019230528307087047,True,True,0.46521145975443384,0.3710482030182831,강세,강세,0.4861580013504389,True
20250724,3190.45,809.89,0.027844406370962638,True,True,0.39862542955326463,0.3333434797602587,강세,강세,0.46521145975443384,True
20250725,3196.05,806.95,0.03248630943241726,True,True,0.37742382271468145,0.34490054549144866,강세,강세,0.39862542955326463,True
20250728,3209.52,804.4,0.029302623160588626,True,True,0.3259668508287293,0.30860187101572045,강세,강세,0.37742382271468145,True
20250729,3230.57,804.45,0.02651626322304046,True,True,0.32590529247910865,0.35652533611402226,강세,강세,0.3259668508287293,True
20250730,3254.47,803.67,0.027487630566245258,True,True,0.3591004919184821,0.37948252262025056,강세,강세,0.32590529247910865,True
20250731,3245.44,805.24,0.01501266812045432,True,True,0.35960591133004927,0.4202490318545878,강세,강세,0.3591004919184821,True
20250801,3119.41,772.79,-0.00387986594483114,True,False,0.19309372797744892,0.3527474359821873,조정,강세,0.35960591133004927,True
20250804,3147.75,784.06,0.007193690106106709,True,False,0.22081575246132207,0.4419659905042595,강세,조정,0.19309372797744892,False
20250805,3198.0,798.6,0.018310721207793534,True,False,0.2886379675370501,0.49196392643150977,강세,강세,0.22081575246132207,False
20250806,3198.14,803.49,0.016612682828078373,True,False,0.33739255014326647,0.5234440916259112,강세,강세,0.2886379675370501,False
20250807,3227.68,805.81,0.010166729346872128,True,True,0.39316860465116277,0.5358882433042249,강세,강세,0.33739255014326647,False
20250808,3210.01,809.27,0.010993541294489484,True,True,0.4249271137026239,0.6073285258503451,강세,강세,0.39316860465116277,True
20250811,3206.77,811.85,0.015612294682062045,True,True,0.42366691015339664,0.5434297998920913,강세,강세,0.4249271137026239,True
20250812,3189.91,807.19,-0.006999803168979413,True,True,0.3920704845814978,0.45774454521762753,조정,강세,0.42366691015339664,True
20250813,3224.37,814.1,0.002302303534713168,True,True,0.4275202354672553,0.4335018334647163,강세,조정,0.3920704845814978,True
20250814,3225.66,815.26,-0.003678492429149305,True,True,0.44510385756676557,0.4132599591979301,조정,강세,0.4275202354672553,True
20250818,3177.28,798.05,-0.027562844992506164,True,False,0.33880597014925373,0.37199543633121407,조정,조정,0.44510385756676557,True
20250819,3151.56,787.96,-0.04104954423200968,True,False,0.29596412556053814,0.3430986932664914,조정,조정,0.33880597014925373,False
20250820,3130.09,777.61,-0.043494839907991745,False,False,0.25263157894736843,0.3283384446272722,약세,조정,0.29596412556053814,False
20250821,3141.74,777.24,-0.044643296130586485,False,False,0.2730015082956259,0.32573738382597767,약세,약세,0.25263157894736843,False
20250822,3168.73,782.51,-0.03380706021805435,False,False,0.3045141545524101,0.3474948005208346,약세,약세,0.2730015082956259,False
20250825,3209.86,798.02,-0.011066360988908897,True,False,0.42574257425742573,0.4489179968014271,조정,약세,0.3045141545524101,False
20250826,3179.36,801.66,-0.0034062655395326047,True,True,0.4120795107033639,0.47719585914560775,조정,조정,0.42574257425742573,False
20250827,3187.16,801.72,-0.003393622972217014,True,True,0.41379310344827586,0.5113484820822597,조정,조정,0.4120795107033639,True
20250828,3196.32,798.43,-0.006520089091293757,True,True,0.43653250773993807,0.5074507286489026,조정,조정,0.41379310344827586,True
20250829,3186.01,796.91,-0.010344741940291113,True,False,0.4138198757763975,0.4695672821330087,조정,조정,0.43653250773993807,True
20250901,3142.93,785.0,0.015799893890966477,False,False,0.3421461897356143,0.36996159240983134,반등,조정,0.4138198757763975,False
20250902,3172.35,794.0,0.01267760120398953,False,False,0.37236533957845436,0.4022740060201845,반등,반등,0.3421461897356143,False
20250903,3184.42,796.81,-0.002241422489356437,True,False,0.40941176470588236,0.42770740696677,조정,반등,0.37236533957845436,False
20250904,3200.83,805.42,0.0024020211825908078,True,True,0.4830575256107171,0.46930399334301515,강세,조정,0.40941176470588236,False
20250905,3205.12,811.4,0.00693711917201334,True,True,0.549096622152396,0.5027804489206354,강세,강세,0.4830575256107171,True
20250908,3219.59,818.6,0.011528908769631974,True,True,0.6088328075709779,0.5770799911884945,강세,강세,0.549096622152396,True
20250909,3260.05,824.82,0.0159758576091642,True,True,0.6698187549251379,0.5860335458692902,강세,강세,0.6088328075709779,True
20250910,3314.53,833.0,0.03197512357685306,True,True,0.73125,0.6148368546928197,강세,강세,0.6698187549251379,True
20250911,3344.2,834.76,0.025377717725095117,True,True,0.7480559875583204,0.5733726778327262,강세,강세,0.73125,True
20250912,3395.54,847.08,0.03903049333954822,True,True,0.7864906832298136,0.5965732408886463,강세,강세,0.7480559875583204,True
20250915,3407.31,852.69,0.06846688803959666,True,True,0.7712062256809339,0.5730480963551428,강세,강세,0.7864906832298136,True
20250916,3449.62,851.84,0.08107010508147616,True,True,0.7482571649883811,0.5306824187141548,강세,강세,0.7712062256809339,True
20250917,3413.4,845.53,0.08734455575416988,True,True,0.718408736349454,0.4641689144239832,강세,강세,0.7482571649883811,True
20250918,3461.3,857.11,0.10276105192733254,True,True,0.7642967542503863,0.5023749184478186,강세,강세,0.718408736349454,True
20250919,3445.24,863.11,0.10300187857024201,True,True,0.7103448275862069,0.4463485268816968,강세,강세,0.7642967542503863,True
20250922,3468.65,874.36,0.09566176286308625,True,True,0.6899696048632219,0.43785905873745595,강세,강세,0.7103448275862069,True
20250923,3486.19,872.21,0.08800488985355392,True,True,0.6430722891566265,0.42764562560912545,강세,강세,0.6899696048632219,True
20250924,3472.14,860.94,0.07386618769645259,True,True,0.5476900149031296,0.4178702420453477,강세,강세,0.6430722891566265,True
20250925,3471.11,852.48,0.06769535212855238,True,True,0.5197026022304833,0.3524407792114503,강세,강세,0.5476900149031296,True
20250926,3386.05,835.19,0.048035537262677286,True,False,0.32788104089219333,0.3074340136970576,강세,강세,0.5197026022304833,True
20250929,3431.21,846.71,0.07861146496815286,True,True,0.39425202652910835,0.3526935370959372,강세,강세,0.32788104089219333,False
20250930,3424.6,841.99,0.06044080604534008,True,True,0.3515509601181684,0.34115966156426836,강세,강세,0.39425202652910835,True
20251001,3455.83,845.34,0.06090536012349257,True,True,0.3451589061345159,0.37320139032730865,강세,강세,0.3515509601181684,True
20251002,3549.21,854.25,0.06062675374338866,True,True,0.3920412675018423,0.4312592645468998,강세,강세,0.3451589061345159,True
20251010,3610.6,859.49,0.05926793196943558,True,True,0.4007272727272727,0.49693172145801834,강세,강세,0.3920412675018423,True
20251013,3584.55,860.49,0.0511727339359882,True,True,0.38305575669804487,0.4361181856149604,강세,강세,0.4007272727272727,True
20251014,3561.81,847.96,0.028054605853398362,True,False,0.35647816750178957,0.43489494822824126,강세,강세,0.38305575669804487,True
20251015,3657.28,864.72,0.03807923169267702,True,True,0.4638511095204009,0.5056179260378333,강세,강세,0.35647816750178957,False
20251016,3748.37,865.41,0.03671714025588191,True,True,0.4799139167862267,0.46080982647649604,강세,강세,0.4638511095204009,True
20251017,3748.89,859.54,0.01470935448835986,True,True,0.39344262295081966,0.410993355278414,강세,강세,0.4799139167862267,True
20251020,3814.69,875.77,0.02706728119246149,True,True,0.4595561918396564,0.47531023996510946,강세,강세,0.39344262295081966,True
20251021,3823.84,872.5,0.024253380916604117,True,True,0.46987087517934,0.4920759266333029,강세,강세,0.4595561918396564,True
20251022,3883.68,879.15,0.0397620427424219,True,True,0.5146115466856735,0.4518978849994383,강세,강세,0.46987087517934,True
20251023,3845.56,872.03,0.017407333947801362,True,True,0.46890636168691924,0.42530315603234453,강세,강세,0.5146115466856735,True
20251024,3941.59,883.08,0.02313725944549372,True,True,0.4982078853046595,0.4864598683513128,강세,강세,0.46890636168691924,True
20251027,4042.83,902.7,0.0324122786952743,True,True,0.5708154506437768,0.46976734410919574,강세,강세,0.4982078853046595,True
20251028,4010.41,903.3,0.0356450854725352,True,True,0.5727733526430123,0.4779936621350374,강세,강세,0.5708154506437768,True
20251029,4081.15,901.59,0.0472158338560178,True,True,0.5433526011560693,0.43067258302709777,강세,강세,0.5727733526430123,True
20251030,4086.89,890.86,0.04502158408408419,True,True,0.45395213923132705,0.4165262514248604,강세,강세,0.5433526011560693,True
20251031,4107.5,900.42,0.07810198876902241,True,True,0.45428156748911463,0.4010734888631508,강세,강세,0.45395213923132705,True
20251103,4221.87,914.55,0.08012188352564631,True,True,0.45336225596529284,0.3678065658650035,강세,강세,0.45428156748911463,True
20251104,4121.74,926.57,0.10045249943586043,True,True,0.44596541786743515,0.37286794852427174,강세,강세,0.45336225596529284,True
20251105,4004.42,901.89,0.06689616012492006,True,True,0.32533521524347214,0.33416195891013134,강세,강세,0.44596541786743515,True
20251106,4026.45,898.17,0.051413520632133336,True,True,0.3618374558303887,0.3985741795749753,강세,강세,0.32533521524347214,True
20251107,3953.76,876.81,0.020151485183073525,True,False,0.2810734463276836,0.3458719090281253,강세,강세,0.3618374558303887,True
20251110,4073.24,888.35,0.03237690153284767,True,True,0.40409026798307474,0.4239984037295521,강세,강세,0.2810734463276836,False
20251111,4106.39,884.27,0.04282041605736109,True,False,0.39800995024875624,0.4083222558563205,강세,강세,0.40409026798307474,True
20251112,4150.39,906.51,0.04832778240355262,True,True,0.4971469329529244,0.5332376655392315,강세,강세,0.39800995024875624,False
20251113,4170.63,918.37,0.06119642712702644,True,True,0.5318996415770609,0.5251355339992794,강세,강세,0.4971469329529244,True
20251114,4011.57,897.9,0.04462852223282221,True,True,0.41419261404779145,0.5250827596647881,강세,강세,0.5318996415770609,True
20251117,4089.25,902.67,0.030715827214907954,True,True,0.39941902687000724,0.44980095389541364,강세,강세,0.41419261404779145,True
20251118,3953.62,878.7,0.007106017191977232,True,False,0.2922740524781341,0.40031297106902075,강세,강세,0.39941902687000724,True
20251119,3929.51,871.32,-0.008906329977819372,True,False,0.2915451895043732,0.3229152094373659,조정,강세,0.2922740524781341,False
20251120,4004.85,891.94,0.02283178331020741,True,False,0.3725346968590212,0.38728053378525346,강세,조정,0.2915451895043732,False
20251121,3853.26,863.95,-0.02166281650586588,True,False,0.28371407516580693,0.3825433302273348,조정,강세,0.3725346968590212,False
20251124,3846.06,856.44,-0.0512462612163509,False,False,0.2698295033358043,0.3640799912360812,약세,조정,0.28371407516580693,False
20251125,3857.78,856.03,-0.05233034429314731,False,False,0.26202812731310143,0.429707115512883,약세,약세,0.2698295033358043,False
20251126,3960.87,877.32,-0.02691910957308752,True,False,0.3817771084337349,0.516943231990455,조정,약세,0.26202812731310143,False
20251127,3986.91,880.06,-0.012123116988078997,True,False,0.37728658536585363,0.446809811655156,조정,조정,0.3817771084337349,False
20251128,3926.59,912.67,0.013604762222074074,True,True,0.5107033639143731,0.5663382957415221,강세,조정,0.37728658536585363,False
20251201,3920.37,922.38,0.008561587666065407,True,True,0.535851966075559,0.5872092913046423,강세,강세,0.5107033639143731,True
20251202,3994.93,928.42,0.0019966111572788936,True,True,0.6058960434445306,0.6342485502163815,강세,강세,0.535851966075559,True
20251203,4036.3,932.01,0.033396533945381446,True,True,0.6882307092751364,0.5962580065921573,강세,강세,0.6058960434445306,True
20251204,4028.51,929.83,0.03524945166282567,True,True,0.6184519155590305,0.5643605876863811,강세,강세,0.6882307092751364,True
20251205,4100.05,924.74,0.05466406633136045,True,True,0.6387802971071149,0.5289120458448716,강세,강세,0.6184519155590305,True
20251208,4154.85,927.79,0.04439691563010073,True,True,0.6389751552795031,0.5188367167289472,강세,강세,0.6387802971071149,True
20251209,4143.55,931.35,0.05324165695997829,True,True,0.6266562743569758,0.4663098798388277,강세,강세,0.6389751552795031,True
20251210,4135.0,935.0,0.031428224730008614,True,True,0.6133333333333333,0.40078636723815214,강세,강세,0.6266562743569758,True
20251211,4110.62,934.64,0.01771617104217249,True,True,0.6700468018720749,0.45197410043942715,강세,강세,0.6133333333333333,True
20251212,4167.16,937.34,0.0439247132197349,True,True,0.725705329153605,0.46853717258876004,강세,강세,0.6700468018720749,True
20251215,4090.59,938.83,0.04005893626685286,True,True,0.688715953307393,0.459544253817462,강세,강세,0.725705329153605,True
20251216,3999.13,916.11,0.04257425742574261,True,True,0.5509259259259259,0.41088070003244803,강세,강세,0.688715953307393,True
20251217,4056.41,911.07,0.04562043795620441,True,True,0.5359877488514548,0.4390072952340816,강세,강세,0.5509259259259259,True
20251218,3994.51,901.33,0.010527613965064964,True,False,0.4477726574500768,0.3737185638691588,강세,강세,0.5359877488514548,True
20251219,4020.55,915.27,0.0594015857399155,True,True,0.5127020785219399,0.37822564792948005,강세,강세,0.4477726574500768,False
20251222,4105.93,929.14,0.08488627341086352,True,True,0.6045977011494252,0.44378314155620757,강세,강세,0.5127020785219399,True
20251223,4117.32,919.56,0.07421468873754411,True,False,0.4836003051106026,0.45560441172034577,강세,강세,0.6045977011494252,True
20251224,4108.62,915.2,0.0431769479779327,True,False,0.448512585812357,0.43190192025631713,강세,강세,0.4836003051106026,False
20251226,4129.68,919.67,0.045008294888984945,True,False,0.37188208616780044,0.45159567589477334,강세,강세,0.448512585812357,False
20251229,4220.56,932.59,0.021826070759420224,True,True,0.4026946107784431,0.4251698900530618,강세,강세,0.37188208616780044,False
20251230,4214.17,925.47,0.0033500292721004854,True,True,0.37809452363090773,0.3594068975808058,강세,강세,0.4026946107784431,True
20260102,4309.63,945.57,0.018472243165808644,True,True,0.47368421052631576,0.4322595742817438,강세,강세,0.37809452363090773,True
20260105,4457.52,957.5,0.02734949195824088,True,True,0.5074074074074074,0.47139102609969435,강세,강세,0.47368421052631576,True
20260106,4525.48,955.97,0.028112665756105937,True,True,0.4827586206896552,0.4898884160885423,강세,강세,0.5074074074074074,True
20260107,4551.06,947.39,0.024493371109717277,True,True,0.4203636363636364,0.43335069153764405,강세,강세,0.4827586206896552,True
20260108,4552.37,944.06,0.017536295929035717,True,True,0.3625180897250362,0.4113997262275756,강세,강세,0.4203636363636364,True
20260109,4586.32,947.92,0.017791378107048894,True,True,0.4069514844315713,0.40359294039270666,강세,강세,0.3625180897250362,True
20260112,4624.79,949.81,0.015839572192513307,True,True,0.4542203147353362,0.4058170701018149,강세,강세,0.4069514844315713,True
20260113,4692.64,948.98,0.015342805786185076,True,True,0.47248034310221587,0.40968043125958553,강세,강세,0.4542203147353362,True
20260114,4723.1,942.18,0.005163547912176991,True,True,0.4846538187009279,0.4551553777263949,강세,강세,0.47248034310221587,True
20260115,4797.55,951.16,0.013133368128415146,True,True,0.5276988636363636,0.5199951192077791,강세,강세,0.4846538187009279,True
20260116,4840.74,954.59,0.04200368951326805,True,True,0.5067423704755145,0.4852967978239369,강세,강세,0.5276988636363636,True
20260119,4904.66,968.36,0.06288210565598695,True,True,0.5466101694915254,0.4811837792259398,강세,강세,0.5067423704755145,True
20260120,4885.75,976.37,0.08325474576459224,True,True,0.630586592178771,0.5261048321727773,강세,강세,0.5466101694915254,True
20260121,4909.93,951.29,0.03935450741311297,True,True,0.5234806629834254,0.4800630348772386,강세,강세,0.630586592178771,True
20260122,4952.53,970.35,0.04435284241341453,True,True,0.6132332878581174,0.48847142815517486,강세,강세,0.5234806629834254,True
20260123,4990.07,993.93,0.08087563617382232,True,True,0.7273342354533153,0.5458325255274703,강세,강세,0.6132332878581174,True
20260126,4949.59,1064.41,0.16303540209790213,True,True,0.8090787716955942,0.5712775633556857,강세,강세,0.7273342354533153,True
20260127,5084.85,1082.59,0.17715049963573892,True,True,0.7976190476190477,0.5414107252486242,강세,강세,0.8090787716955942,True
20260128,5170.81,1133.52,0.21545373636860776,True,True,0.814621409921671,0.6085655656334892,강세,강세,0.7976190476190477,True
20260129,5221.25,1164.41,0.25818232897878923,True,True,0.8573264781491002,0.6180052384925008,강세,강세,0.814621409921671,True
20260130,5224.36,1149.44,0.21560540203263634,True,True,0.7767114523352527,0.5434649344209269,강세,강세,0.8573264781491002,True
20260202,4949.67,1098.36,0.1471122715404698,True,True,0.5906210392902408,0.43896412979930216,강세,강세,0.7767114523352527,True
20260203,5288.08,1144.33,0.1970354718244296,True,True,0.757537688442211,0.5131040090899351,강세,강세,0.5906210392902408,True
20260204,5371.1,1149.43,0.21325958686496604,True,True,0.7993769470404984,0.5291278575400299,강세,강세,0.757537688442211,True
20260205,5163.57,1108.41,0.17408851132343295,True,True,0.7096973440395306,0.4393360059575208,강세,강세,0.7993769470404984,True
20260206,5089.14,1080.77,0.14014895771795088,True,True,0.5934266585514303,0.42480272355858845,강세,강세,0.7096973440395306,True
20260209,5298.04,1127.55,0.18713216327476023,True,True,0.7125530624620983,0.5586543262121151,강세,강세,0.5934266585514303,True
20260210,5301.69,1115.2,0.175156483803663,True,True,0.7400482509047045,0.5010952703780595,강세,강세,0.7125530624620983,True
20260211,5354.49,1114.87,0.18328769449574378,True,True,0.7393648891551827,0.4609145887528953,강세,강세,0.7400482509047045,True
20260212,5522.27,1125.99,0.18380714075444726,True,True,0.7483601669648181,0.5295487235777594,강세,강세,0.7393648891551827,True
20260213,5507.01,1106.08,0.15869640369163718,True,True,0.6520450503852994,0.5385981982581137,강세,강세,0.7483601669648181,True
20260219,5677.25,1160.71,0.1986348052377216,True,True,0.7136150234741784,0.5203047098158369,강세,강세,0.6520450503852994,True
20260220,5808.53,1154.0,0.18192898184090045,True,True,0.6959578207381371,0.4905354280038415,강세,강세,0.7136150234741784,True
20260223,5846.09,1151.99,0.21097667377981488,True,True,0.6940081442699244,0.5020528463755383,강세,강세,0.6959578207381371,True
20260224,5969.64,1165.0,0.20059772247127317,True,True,0.7097518753606463,0.49013256860091464,강세,강세,0.6940081442699244,True
20260225,6083.86,1165.25,0.17236626321773163,True,True,0.6949055523755009,0.5169330215070568,강세,강세,0.7097518753606463,True
20260226,6307.27,1188.15,0.1162521960522731,True,True,0.6185625353706847,0.42835087782436077,강세,강세,0.6949055523755009,True
20260227,6244.13,1192.78,0.10178368542107363,True,True,0.5463222908478383,0.39534657246876675,강세,강세,0.6185625353706847,True
20260303,5791.91,1137.7,0.0036876279201072393,True,False,0.33501118568232663,0.31114922814105944,강세,강세,0.5463222908478383,True
20260304,5093.54,978.44,-0.15971178536769692,False,False,0.07662409772348695,0.21443172203029776,약세,강세,0.33501118568232663,False
20260305,5583.9,1116.41,-0.028735732182628038,True,False,0.22284434490481522,0.3311663450057905,조정,약세,0.07662409772348695,False
20260306,5584.87,1154.67,0.05126734404020561,True,True,0.274564851207187,0.4070857444898115,강세,조정,0.22284434490481522,False
20260309,5251.87,1102.28,-0.036746393085910545,True,False,0.15610859728506787,0.3689222870798964,조정,강세,0.274564851207187,True
20260310,5532.59,1137.68,-0.010222458087921882,True,True,0.22875071306332,0.5155721975561525,조정,조정,0.15610859728506787,False
20260311,5609.95,1136.83,0.025640331646231918,True,True,0.28702115494568325,0.6523141575053453,강세,조정,0.22875071306332,True
20260312,5583.25,1148.4,0.06257575617383915,True,True,0.32701149425287357,0.5707281308098464,강세,강세,0.28702115494568325,True
20260313,5487.24,1152.96,0.02253558600505534,True,True,0.3265895953757225,0.5222546162226658,강세,강세,0.32701149425287357,True
20260316,5549.85,1138.29,0.02070480631276883,True,True,0.3135198135198135,0.5623032930360484,강세,강세,0.3265895953757225,True
20260317,5640.48,1136.94,0.019796030030407197,True,False,0.33294255568581477,0.5202177441628725,강세,강세,0.3135198135198135,True
20260318,5925.03,1164.38,0.03409444133606887,True,True,0.40860849056603776,0.5104371552549251,강세,강세,0.33294255568581477,False
20260319,5763.22,1143.48,0.033813105742803495,True,True,0.3438429506246282,0.4402299031403517,강세,강세,0.40860849056603776,True
20260320,5781.2,1161.52,0.0006978487305182579,True,True,0.48980815347721823,0.5029333588728756,강세,강세,0.3438429506246282,True
20260323,5405.75,1096.89,-0.04948873483535521,True,False,0.2864864864864865,0.46049987643939316,조정,강세,0.48980815347721823,True
20260324,5553.92,1121.44,-0.026519327424717187,True,False,0.37003058103975534,0.48765462080269445,조정,조정,0.2864864864864865,False
20260325,5642.21,1159.55,-0.004678111587982925,True,True,0.5239852398523985,0.5157634478815313,조정,조정,0.37003058103975534,False
20260326,5460.46,1136.64,-0.024552671100622092,True,True,0.4330413016270338,0.5089505742642271,조정,조정,0.5239852398523985,True
20260327,5438.87,1141.51,-0.03925430290788212,True,True,0.47474747474747475,0.45989618141487015,조정,조정,0.4330413016270338,True
20260330,5277.3,1107.05,-0.07187410922383008,True,False,0.3602047344849648,0.48060525901454276,조정,조정,0.47474747474747475,True
20260331,5052.46,1052.39,-0.07498461808912715,False,False,0.26918075422626786,0.35151151560099886,약세,조정,0.3602047344849648,False
20260401,5478.7,1116.18,0.14077511140182342,True,False,0.48855989232839836,0.37664283555484446,강세,약세,0.26918075422626786,False
20260402,5234.05,1056.34,-0.053806397291317865,False,False,0.26305084745762713,0.35743229695786943,약세,강세,0.48855989232839836,False
20260403,5377.3,1063.75,-0.0787411121792374,False,False,0.33515358361774744,0.39810428992508423,약세,약세,0.26305084745762713,False
20260406,5450.33,1047.37,-0.04981492905613827,False,False,0.3030716723549488,0.42877751613092363,약세,약세,0.33515358361774744,False
20260407,5494.78,1036.73,-0.08873321144785884,False,False,0.26777087646652864,0.46132128202121514,약세,약세,0.3030716723549488,False
20260408,5872.34,1089.85,-0.04132544003940786,False,False,0.4854368932038835,0.45179678803854195,약세,약세,0.26777087646652864,False
20260409,5778.01,1076.0,-0.06304423545802862,False,False,0.4363386097728837,0.49695278323258824,약세,약세,0.4854368932038835,False
20260410,5858.87,1093.63,-0.05145885373300019,False,False,0.5816186556927297,0.5181915646761478,약세,약세,0.4363386097728837,False
20260413,5808.62,1099.84,-0.03377873828286293,True,False,0.5793814432989691,0.5425679061138171,조정,약세,0.5816186556927297,False
20260414,5967.75,1121.88,-0.013246081587418801,True,True,0.739041095890411,0.6418831636839883,조정,조정,0.5793814432989691,False
20260415,6091.39,1152.43,-0.010262972569092588,True,True,0.812373907195696,0.6015197552445031,조정,조정,0.739041095890411,True
20260416,6226.05,1162.97,0.017044460768880887,True,True,0.8665338645418327,0.6713836353515126,강세,조정,0.812373907195696,True
20260417,6191.92,1170.04,0.007335215923961691,True,True,0.8821972203838517,0.6124552827765682,강세,강세,0.8665338645418327,True
20260420,6219.09,1174.85,0.07107367192699332,True,True,0.8657011191573404,0.6005839349690715,강세,강세,0.8821972203838517,True
20260421,6388.47,1179.03,0.051353616778427646,True,True,0.8334421946440235,0.5371467509278414,강세,강세,0.8657011191573404,True
20260422,6417.93,1181.12,0.018602043896339016,True,True,0.827384815055159,0.497039780153224,강세,강세,0.8334421946440235,True
20260423,6475.81,1174.31,0.03314153997747726,True,True,0.8136686009026435,0.4350037206517072,강세,강세,0.827384815055159,True
20260424,6475.63,1203.84,0.054603113419943616,True,True,0.8397932816537468,0.47136532042734053,강세,강세,0.8136686009026435,True
20260427,6615.03,1226.18,0.1076103157038979,True,True,0.8696774193548387,0.5123607121324097,강세,강세,0.8397932816537468,True
20260428,6641.02,1215.58,0.1550660876671195,True,True,0.8313099041533546,0.49889518708352637,강세,강세,0.8696774193548387,True
20260429,6690.9,1220.26,0.09324660896987935,True,True,0.8163913595933926,0.5036731864848953,강세,강세,0.8313099041533546,True
20260430,6598.87,1192.35,0.1287558929889998,True,True,0.7313337587747287,0.4774146473123994,강세,강세,0.8163913595933926,True
20260504,6936.99,1213.74,0.1410011750881317,True,True,0.7250316055625791,0.4466639866173058,강세,강세,0.7313337587747287,True
20260506,7384.56,1210.17,0.15543695160258575,True,True,0.5951492537313433,0.3852367678723209,강세,강세,0.7250316055625791,True
20260507,7490.05,1199.18,0.15669460708188243,True,True,0.5326354679802956,0.3736979491940289,강세,강세,0.5951492537313433,True
20260508,7498.0,1207.72,0.10815249805019045,True,True,0.5125535823637477,0.3598660155447324,강세,강세,0.5326354679802956,True
20260511,7822.24,1207.34,0.1220631970260222,True,True,0.41280487804878047,0.36442887451090983,강세,강세,0.5125535823637477,True
20260512,7643.15,1179.29,0.0783263078006271,True,False,0.30218446601941745,0.29622974719265716,강세,강세,0.41280487804878047,True
20260513,7844.01,1176.93,0.07009201338376503,True,False,0.2829736211031175,0.307902498543815,강세,강세,0.30218446601941745,False
20260514,7981.41,1191.09,0.06169108995614492,True,False,0.32737030411449014,0.35878747964130614,강세,강세,0.2829736211031175,False
20260515,7493.18,1129.82,-0.01961941289275715,False,False,0.22692078618225134,0.30001674924343347,약세,강세,0.32737030411449014,False
20260518,7516.04,1111.09,-0.044609921150158716,False,False,0.1953405017921147,0.2963727826962411,약세,약세,0.22692078618225134,False
20260519,7271.66,1084.36,-0.07322826570031804,False,False,0.15615615615615616,0.3001916258112008,약세,약세,0.1953405017921147,False
20260520,7208.95,1056.07,-0.10110226837468617,False,False,0.12432432432432433,0.2528712118720818,약세,약세,0.15615615615615616,False
20260521,7815.59,1105.97,-0.06196619254811153,False,False,0.17477477477477477,0.285661211173709,약세,약세,0.12432432432432433,False
20260522,7847.71,1161.13,-0.016924613925765164,True,False,0.2600842865743528,0.4370512440155679,조정,약세,0.17477477477477477,False
20260526,8047.51,1172.52,-0.0015242993758036727,True,False,0.26839565741857657,0.4578845953637252,조정,조정,0.2600842865743528,False
20260527,8228.7,1133.13,-0.05873704146730452,False,False,0.1841631673665267,0.4357591465796082,약세,조정,0.26839565741857657,False
20260528,8185.29,1104.36,-0.09934919832324796,False,False,0.15264423076923078,0.4517586557041173,약세,약세,0.1841631673665267,False
20260529,8476.15,1074.8,-0.11581302752595468,False,False,0.1332525741974561,0.34121169444849464,약세,약세,0.15264423076923078,False
20260601,8788.38,1050.03,-0.13950305672561591,False,False,0.11097634930260764,0.19962441534660705,약세,약세,0.1332525741974561,False
20260602,8801.49,1026.03,-0.13948924393005402,False,False,0.10657734470158343,0.18091249704990514,약세,약세,0.11097634930260764,False
20260604,8639.41,1049.73,-0.13512778684067428,False,False,0.11302211302211303,0.2613535341496105,약세,약세,0.10657734470158343,False
20260605,8160.59,1002.44,-0.17165356933323417,False,False,0.08959899749373433,0.25700793457374776,약세,약세,0.11302211302211303,False
20260608,7484.41,911.39,-0.2399889924781935,False,False,0.047284345047923323,0.2261535583896943,약세,약세,0.08959899749373433,False
20260609,8096.93,967.81,-0.19864703739277323,False,False,0.08354922279792747,0.3671547775302003,약세,약세,0.047284345047923323,False
20260610,7730.82,951.63,-0.21179618003213674,False,False,0.07808398950131233,0.3779948963277745,약세,약세,0.08354922279792747,False
20260611,7763.95,996.93,-0.15463541622501675,False,False,0.13212608987256874,0.4138655667054871,약세,약세,0.07808398950131233,False
20260612,8123.62,1029.05,-0.12564893409123745,False,False,0.19427402862985685,0.5348566948325533,약세,약세,0.13212608987256874,False
20260615,8545.98,1034.03,-0.1318624117405066,False,False,0.28492773571920166,0.6564387911453489,약세,약세,0.19427402862985685,False
20260616,8726.6,1018.68,-0.0983696518029421,False,False,0.33590462833099577,0.5739723463633941,약세,약세,0.28492773571920166,False
20260617,8864.24,1031.96,-0.07121835314870972,False,False,0.34754797441364604,0.6081870993700146,약세,약세,0.33590462833099577,False
20260618,9063.84,1000.93,-0.07693939282157214,False,False,0.2346647646219686,0.496547695662941,약세,약세,0.34754797441364604,False
20260619,9052.42,966.59,-0.08472923196379023,False,False,0.16161616161616163,0.3656833997679702,약세,약세,0.2346647646219686,False
20260622,9114.55,968.4,-0.12438854580142322,False,False,0.1300872093023256,0.27495101368624675,약세,약세,0.16161616161616163,False
20260623,8203.84,891.52,-0.23219622264518192,False,False,0.07391304347826087,0.19141197675310045,약세,약세,0.1300872093023256,False
20260624,8471.02,909.31,-0.22448231160236076,False,False,0.09457478005865103,0.20667729240358698,약세,약세,0.07391304347826087,False
20260625,8930.3,887.81,-0.21649766575768015,False,False,0.10237388724035608,0.22589231799229662,약세,약세,0.09457478005865103,False
20260626,8411.21,851.37,-0.22908290774747353,False,False,0.08283582089552238,0.21913734825225228,약세,약세,0.10237388724035608,False
20260629,8394.65,920.57,-0.14349646445850384,False,False,0.17535903250188964,0.3644445473592853,약세,약세,0.08283582089552238,False
20260630,8476.48,916.18,-0.12747254840337896,False,False,0.16988416988416988,0.41284195097408016,약세,약세,0.17535903250188964,False
20260701,8303.41,929.35,-0.09422726431001038,False,False,0.2668231611893584,0.45083615929995596,약세,약세,0.16988416988416988,False
20260702,7648.09,866.72,-0.17434006839854055,False,False,0.19652722967640096,0.4435032459716658,약세,약세,0.2668231611893584,False
20260703,8088.34,868.41,-0.13370376281872243,False,False,0.23193010325655283,0.5571449658867843,약세,약세,0.19652722967640096,False
20260706,8051.33,847.07,-0.07057351956900992,False,False,0.2446043165467626,0.44606213147404244,약세,약세,0.23193010325655283,False
20260707,7656.31,831.23,-0.14112274103388056,False,False,0.24519230769230768,0.4417017958637069,약세,약세,0.2446043165467626,False
20260708,7246.79,785.0,-0.1750995660077972,False,False,0.18043303929430635,0.3146372792083977,약세,약세,0.24519230769230768,False
20260709,7291.91,794.0,-0.203554913584705,False,False,0.15316760224538895,0.36092421631839294,약세,약세,0.18043303929430635,False
20260710,7475.94,837.43,-0.18621058257616252,False,False,0.26645004061738425,0.41006460535486083,약세,약세,0.15316760224538895,False
20260713,6806.93,799.36,-0.2269469938009535,False,False,0.19885900570497148,0.36405466514077295,약세,약세,0.26645004061738425,False
20260714,6856.83,783.98,-0.23039619900263075,False,False,0.1791290057518488,0.3493333295741211,약세,약세,0.19885900570497148,False
20260715,7284.41,829.43,-0.19625760688398786,False,False,0.26955074875207985,0.5036492451758915,약세,약세,0.1791290057518488,False
20260716,6820.6,791.84,-0.20889572697391423,False,False,0.26477935054121565,0.4681661173093114,약세,약세,0.26955074875207985,False
20260720,6516.27,749.64,-0.224448835597306,False,False,0.18158783783783783,0.3032223504311416,약세,약세,0.26477935054121565,False
20260721,6747.95,753.34,-0.22207765386204048,False,False,0.19508057675996607,0.3957440888402613,약세,약세,0.18158783783783783,False
20260722,6797.7,751.09,-0.15751749820531225,False,False,0.21256454388984508,0.4592366080425546,약세,약세,0.19508057675996607,False
20260723,7096.89,790.28,-0.1309014527498873,False,False,0.4295652173913043,0.46623682507214304,약세,약세,0.21256454388984508,False
20260724,6690.62,748.22,-0.15722958741172088,False,False,0.32114882506527415,0.46017355751660294,약세,약세,0.4295652173913043,False
20260727,6755.75,764.86,-0.10161269483303381,False,False,0.3404255319148936,0.5604383169568943,약세,약세,0.32114882506527415,False
20260728,6023.66,705.85,-0.23324679274797133,False,False,0.15878679750223015,0.4492132581482303,약세,약세,0.3404255319148936,False
20260729,5663.24,662.68,-0.27669235303106376,False,False,0.11317418213969938,0.36291444409702744,약세,약세,0.15878679750223015,False
20260730,5593.56,644.78,-0.30620326034325074,False,False,0.13434163701067617,0.2790239907471898,약세,약세,0.11317418213969938,False
20260731,6595.45,719.76,-0.1695587963817612,False,False,0.2620320855614973,0.422784898860732,약세,약세,0.13434163701067617,False
20260803,6257.45,737.35,-0.1509194965511682,False,False,0.31899641577060933,0.42493162348515046,약세,약세,0.2620320855614973,False
20260804,6358.95,780.72,-0.07832882760574689,False,True,0.6028751123090745,0.6009102653247992,약세,약세,0.31899641577060933,False
20260805,6598.26,799.59,-0.03806407372207454,False,True,0.7569506726457399,0.7462634390311507,약세,약세,0.6028751123090745,True
20260806,6296.38,801.67,0.02123566878980876,False,True,0.7538322813345356,0.7401834528937885,반등,약세,0.7569506726457399,True
20260807,6258.77,798.81,0.006057934508816087,False,True,0.7619909502262443,0.647818171116742,반등,반등,0.7538322813345356,True
20260810,6299.66,854.47,0.020347969382515707,False,True,0.8586858685868587,0.6998364374595053,반등,반등,0.7619909502262443,True
20260811,6345.53,857.84,0.07315852682145718,False,True,0.8877917414721723,0.633782571043185,반등,반등,0.8586858685868587,True
20260812,6579.04,858.91,0.0955764177657592,False,True,0.8823000898472596,0.5695636177033248,반등,반등,0.8877917414721723,True
20260813,6813.34,861.37,0.038508373220163206,False,True,0.8594594594594595,0.5615536419927178,반등,반등,0.8823000898472596,True
20260814,6977.94,864.65,0.09195039401899363,False,True,0.8943598925693823,0.5918978493678378,반등,반등,0.8594594594594595,True
20260818,6869.83,834.2,0.1128008110559735,False,True,0.78868258178603,0.45696456824131665,반등,반등,0.8943598925693823,True
20260819,6471.17,824.46,0.0944062441925293,False,True,0.6461267605633803,0.3765112468768642,반등,반등,0.78868258178603,True
20260820,6852.58,840.89,0.11955957341996282,False,True,0.6915641476274165,0.40792747022862497,반등,반등,0.6461267605633803,True
20260821,6912.95,801.94,0.01475426431138338,False,True,0.4973404255319149,0.353587811420881,반등,반등,0.6915641476274165,True
20260824,6696.96,813.33,0.08701986046884613,False,True,0.5556537102473498,0.35072821463367654,반등,반등,0.4973404255319149,True
20260825,6742.74,827.15,0.08143974060612402,False,True,0.6455584872471416,0.4641730144582416,반등,반등,0.5556537102473498,True
20260826,6808.21,826.87,0.17145285825600332,False,True,0.658493870402802,0.5406835223391523,반등,반등,0.6455584872471416,True
20260827,6879.87,834.39,0.2591145047383354,False,True,0.6205357142857143,0.5027623573881104,반등,반등,0.658493870402802,True
20260828,6788.88,838.41,0.3003039796519744,False,True,0.6124444444444445,0.5919056197994579,반등,반등,0.6205357142857143,True
20260831,6820.02,834.29,0.15912248527286876,False,True,0.575134168157424,0.5552996791052601,반등,반등,0.6124444444444445,True
20260901,6835.8,821.25,0.11378585475011871,False,False,0.5281501340482574,0.4804844817819811,반등,반등,0.575134168157424,True
20260902,6562.72,803.98,0.02979301157905523,False,False,0.3664259927797834,0.39409130242092594,반등,반등,0.5281501340482574,False
