variant,kind,h,n,ic_var,ic_base,diff,lo,hi,pos
svr1,replace,5,99,0.09398612583861325,0.10099050978194515,-0.007004383943331891,-0.012580205225477597,-0.0016263176359256131,0.3939393939393939
svr1,replace,10,94,0.11569496019993113,0.1267398403803484,-0.011044880180417289,-0.018309622189539257,-0.0035942805055593904,0.30851063829787234
svr1,replace,20,84,0.13553618354867408,0.1527018493410385,-0.017165665792364438,-0.027856521404437628,-0.008223119389351939,0.30952380952380953
svr10,replace,5,97,0.09968662238386773,0.10099050978194515,-0.0018963265183512636,-0.006600183825382298,0.004164938174229301,0.4845360824742268
svr10,replace,10,92,0.12851409383726609,0.1267398403803484,-0.0014471622577717038,-0.007703610198057649,0.006933734364618854,0.43478260869565216
svr10,replace,20,82,0.15980371254252718,0.1527018493410385,0.002736230128783304,-0.0019501469485666291,0.01191519592418282,0.5853658536585366
svr20,replace,5,92,0.10686463603217854,0.10099050978194515,-0.0011533244228148823,-0.01132959871919228,0.010575083046215227,0.5108695652173914
svr20,replace,10,87,0.1362997855891888,0.1267398403803484,0.0017582021105448551,-0.010377292355980177,0.017857682390152955,0.5402298850574713
svr20,replace,20,77,0.17135096130064892,0.1527018493410385,0.007860294063238708,-0.00030588757014814606,0.02398403111445702,0.6103896103896104
svr60,replace,5,72,0.10913288186877357,0.10099050978194515,-0.0037992752237410088,-0.03256899143105082,0.018990224986623408,0.5555555555555556
svr60,replace,10,67,0.14250699013901605,0.1267398403803484,-0.005456687900005616,-0.033460769731296296,0.017002224277691057,0.5373134328358209
svr60,replace,20,57,0.14497929503847698,0.1527018493410385,-0.01843433980018242,-0.03461172120259709,0.0035238461048730622,0.3333333333333333
sval5_amt,replace,5,99,0.1073826159701258,0.10099050978194515,0.006392106188180653,-0.002808832054782537,0.014562554524943079,0.6262626262626263
sval5_amt,replace,10,94,0.1339712081821663,0.1267398403803484,0.0072313678018178775,-0.004856412731280728,0.019776314815490716,0.5851063829787234
sval5_amt,replace,20,84,0.15766388137755274,0.1527018493410385,0.00496203203651422,-0.008402777256671184,0.020273419181265663,0.5714285714285714
sq5_shares,replace,5,99,-0.02644408306933964,0.10099050978194515,-0.1274345928512848,-0.1921570962603611,-0.06036617908346055,0.25252525252525254
sq5_shares,replace,10,94,-0.040739535491940586,0.1267398403803484,-0.16747937587228898,-0.2375901666554229,-0.09758593164027726,0.14893617021276595
sq5_shares,replace,20,84,-0.059791064637316815,0.1527018493410385,-0.2124929139783553,-0.2966096076462443,-0.14059227547004255,0.14285714285714285
sq5_vol,replace,5,99,0.10746256567638841,0.10099050978194515,0.006472055894443268,0.004301483397285452,0.009011635362921145,0.7676767676767676
sq5_vol,replace,10,94,0.13333891687267826,0.1267398403803484,0.006599076492329834,0.004144239250074146,0.009682689860495784,0.7659574468085106
sq5_vol,replace,20,84,0.1575375403991236,0.1527018493410385,0.004835691058085086,0.0016678011368160515,0.00820600729955921,0.7142857142857143
svr5_minus_60,replace,5,72,0.04353904670974667,0.10099050978194515,-0.06939311038276791,-0.1331845818951537,-0.004578183806059569,0.25
svr5_minus_60,replace,10,67,0.05034814742996274,0.1267398403803484,-0.09761553060905893,-0.15040836093307278,-0.027101837189340283,0.1791044776119403
svr5_minus_60,replace,20,57,0.07681570104953576,0.1527018493410385,-0.08659793378912363,-0.1401195429084856,-0.033816968402397556,0.22807017543859648
svr_z60,replace,5,72,0.03223490018640567,0.10099050978194515,-0.0806972569061089,-0.1462254823940329,-0.01346557391563221,0.2361111111111111
svr_z60,replace,10,67,0.0375228008078731,0.1267398403803484,-0.11044087723114855,-0.17002180257524055,-0.04025259497957052,0.19402985074626866
svr_z60,replace,20,57,0.06145187080124004,0.1527018493410385,-0.10196176403741934,-0.1586092207191484,-0.04605923654217518,0.22807017543859648
+cr_rate,add,5,99,0.1043737282093822,0.10099050978194515,0.0033832184274370687,-0.012770258378021858,0.02259529106538067,0.45454545454545453
+cr_rate,add,10,94,0.13548452551007933,0.1267398403803484,0.008744685129730891,-0.001687318641196538,0.02571929993848437,0.43617021276595747
+cr_rate,add,20,84,0.16428148843004378,0.1527018493410385,0.011579639089005268,0.00010633509446258812,0.026291401476468426,0.47619047619047616
-cr_rate,add,5,99,0.08685461023610902,0.10099050978194515,-0.014135899545836121,-0.033386773556411085,-0.002452530259877762,0.2222222222222222
-cr_rate,add,10,94,0.10861438519712979,0.1267398403803484,-0.018125455183218616,-0.035843322877997665,-0.004435979268929736,0.1276595744680851
-cr_rate,add,20,84,0.13815977565395302,0.1527018493410385,-0.014542073687085518,-0.03183250161771794,-0.0005784491358275166,0.16666666666666666
+cr_chg20,add,5,99,0.09622919120107358,0.10099050978194515,-0.004761318580871562,-0.013366007180679904,-0.00017567724938648025,0.18181818181818182
+cr_chg20,add,10,94,0.12509141472327504,0.1267398403803484,-0.001648425657073393,-0.0024584953428365723,9.602329179153906e-08,0.23404255319148937
+cr_chg20,add,20,84,0.15256380537037226,0.1527018493410385,-0.00013804397066627923,-0.0005780033401225432,0.0002916695689325213,0.30952380952380953
-cr_chg20,add,5,99,0.10205464601644157,0.10099050978194515,0.001064136234496434,-0.0006311306980229643,0.0029028996966224156,0.20202020202020202
-cr_chg20,add,10,94,0.12646820232655076,0.1267398403803484,-0.0002716380537976707,-0.0009092062270941417,-7.705371925061261e-05,0.14893617021276595
-cr_chg20,add,20,84,0.1527046575630707,0.1527018493410385,2.8082220321677197e-06,-0.0002869982147371444,0.00035386732166771813,0.30952380952380953
+loan_ratio,add,5,99,0.04369550273664444,0.10099050978194515,-0.05729500704530071,-0.08944784586056947,-0.02401574698269705,0.1919191919191919
+loan_ratio,add,10,94,0.05074622061510828,0.1267398403803484,-0.07599361976524013,-0.11421449641900376,-0.03786354072372775,0.1595744680851064
+loan_ratio,add,20,84,0.060358213954695934,0.1527018493410385,-0.09234363538634258,-0.14502561382758108,-0.04667950769541436,0.2261904761904762
-loan_ratio,add,5,99,0.11682924153574031,0.10099050978194515,0.01583873175379517,-0.019974577381821228,0.04132315898505721,0.5252525252525253
-loan_ratio,add,10,94,0.15079752337995858,0.1267398403803484,0.02405768299961015,-0.011313467507829226,0.05572999703826432,0.574468085106383
-loan_ratio,add,20,84,0.18255082048164747,0.1527018493410385,0.029848971140608978,-0.010752305500210715,0.0752258358582187,0.5119047619047619
+loan_chg20,add,5,99,0.08115771815601591,0.10099050978194515,-0.01983279162592924,-0.03649417721486776,-0.0056407124139437135,0.1717171717171717
+loan_chg20,add,10,94,0.10416759238300118,0.1267398403803484,-0.022572247997347257,-0.03517338225120308,-0.007907878025754718,0.11702127659574468
+loan_chg20,add,20,84,0.12462384796527406,0.1527018493410385,-0.028078001375764456,-0.0428709132026101,-0.01652324860677426,0.047619047619047616
-loan_chg20,add,5,99,0.08504007992466976,0.10099050978194515,-0.015950429857275374,-0.031327464432342265,-0.006226899032302996,0.1717171717171717
-loan_chg20,add,10,94,0.10825619084865758,0.1267398403803484,-0.018483649531690828,-0.033762607302728766,-0.0070691618257431145,0.13829787234042554
-loan_chg20,add,20,84,0.1372579919992626,0.1527018493410385,-0.015443857341775906,-0.02932393417788289,-0.0031884163628822263,0.10714285714285714
+fl_foreign5n,add,5,99,0.07627742753705286,0.10099050978194515,-0.024713082244892295,-0.04027651875734617,-0.012679991998243394,0.1919191919191919
+fl_foreign5n,add,10,94,0.08972501584193293,0.1267398403803484,-0.037014824538415494,-0.059924605816743,-0.019675819713501914,0.10638297872340426
+fl_foreign5n,add,20,84,0.11789423009563416,0.1527018493410385,-0.034807619245404355,-0.0592387875858732,-0.009793666666765713,0.11904761904761904
-fl_foreign5n,add,5,99,0.08461796893373094,0.10099050978194515,-0.0163725408482142,-0.033886477927079314,7.53748043597592e-05,0.20202020202020202
-fl_foreign5n,add,10,94,0.11305730737095483,0.1267398403803484,-0.013682533009393582,-0.03173242431869836,0.0044210371877340835,0.22340425531914893
-fl_foreign5n,add,20,84,0.1387542145481554,0.1527018493410385,-0.013947634792883126,-0.03254357459666542,0.0020210656887211026,0.20238095238095238
+fl_foreign20n,add,5,99,0.06861858037381312,0.10099050978194515,-0.03237192940813203,-0.052752650627293125,-0.017690526090061973,0.13131313131313133
+fl_foreign20n,add,10,94,0.08556963118462221,0.1267398403803484,-0.041170209195726205,-0.0670259364757903,-0.021664477290293048,0.10638297872340426
+fl_foreign20n,add,20,84,0.11272176984599837,0.1527018493410385,-0.03998007949504015,-0.06922934685486466,-0.01060483444721766,0.10714285714285714
-fl_foreign20n,add,5,99,0.09237672804594242,0.10099050978194515,-0.008613781736002713,-0.025573295257533747,0.005772278498342278,0.30303030303030304
-fl_foreign20n,add,10,94,0.11823434330132934,0.1267398403803484,-0.00850549707901908,-0.025547465672025645,0.009801092827824077,0.2765957446808511
-fl_foreign20n,add,20,84,0.1443922094203785,0.1527018493410385,-0.008309639920660031,-0.02735589833405775,0.005329851682621896,0.27380952380952384
+fl_inst5n,add,5,99,0.07366119918059681,0.10099050978194515,-0.027329310601348335,-0.044841988835220156,-0.015015045106968836,0.15151515151515152
+fl_inst5n,add,10,94,0.10033540812786151,0.1267398403803484,-0.02640443225248692,-0.04653493166663042,-0.010329481228128816,0.1702127659574468
+fl_inst5n,add,20,84,0.12451592196176543,0.1527018493410385,-0.028185927379273078,-0.04390868787656562,-0.013374037360189783,0.07142857142857142
-fl_inst5n,add,5,99,0.0886857756432372,0.10099050978194515,-0.012304734138707961,-0.02376915006856039,0.0002995489987733536,0.16161616161616163
-fl_inst5n,add,10,94,0.10366943744092384,0.1267398403803484,-0.023070402939424584,-0.03989225218690227,-0.002367727451370384,0.18085106382978725
-fl_inst5n,add,20,84,0.1349160462558902,0.1527018493410385,-0.017785803085148294,-0.033467123025021486,-0.006215523342580495,0.17857142857142858
+fl_inst20n,add,5,99,0.07774524962113005,0.10099050978194515,-0.023245260160815108,-0.04099174985713821,-0.010899774367559692,0.21212121212121213
+fl_inst20n,add,10,94,0.09957328500722912,0.1267398403803484,-0.02716655537311929,-0.04432270122084512,-0.014263596013951002,0.14893617021276595
+fl_inst20n,add,20,84,0.12429940815449735,0.1527018493410385,-0.028402441186541186,-0.041262112379881026,-0.01556377313775526,0.023809523809523808
-fl_inst20n,add,5,99,0.0843668447002625,0.10099050978194515,-0.016623665081682667,-0.03286568748467831,0.0019425353916570232,0.16161616161616163
-fl_inst20n,add,10,94,0.10587922174960235,0.1267398403803484,-0.02086061863074608,-0.03878652738145735,0.002031290098785336,0.13829787234042554
-fl_inst20n,add,20,84,0.13587667884515284,0.1527018493410385,-0.016825170495885684,-0.03154697474913637,-0.004775846930981229,0.16666666666666666
+fl_person5n,add,5,99,0.08321270161975114,0.10099050978194515,-0.017777808162194007,-0.04028462172868745,0.007058081530702946,0.20202020202020202
+fl_person5n,add,10,94,0.10773956138833816,0.1267398403803484,-0.01900027899201028,-0.04613777335776055,0.012221009810610292,0.20212765957446807
+fl_person5n,add,20,84,0.1350165719529071,0.1527018493410385,-0.017685277388131453,-0.0429702249390639,0.0007032771642462994,0.17857142857142858
-fl_person5n,add,5,99,0.07706528852921835,0.10099050978194515,-0.023925221252726808,-0.04396301556004679,-0.010323133758110146,0.25252525252525254
-fl_person5n,add,10,94,0.09393814226015587,0.1267398403803484,-0.032801698120192554,-0.06133033000583727,-0.011265570989468435,0.19148936170212766
-fl_person5n,add,20,84,0.11948332927332746,0.1527018493410385,-0.033218520067711046,-0.05381489438849689,-0.009371588118397578,0.14285714285714285
+fl_person20n,add,5,99,0.0867152597644171,0.10099050978194515,-0.01427525001752805,-0.04087438409487149,0.014163870405420175,0.1717171717171717
+fl_person20n,add,10,94,0.10720391025407587,0.1267398403803484,-0.019535930126272562,-0.04150333782542862,0.0114703505702667,0.14893617021276595
+fl_person20n,add,20,84,0.1336010256478091,0.1527018493410385,-0.01910082369322942,-0.03817768726492359,-0.003839023966763518,0.11904761904761904
-fl_person20n,add,5,99,0.07424913226792823,0.10099050978194515,-0.02674137751401692,-0.050983257134291374,-0.00899594075203071,0.1919191919191919
-fl_person20n,add,10,94,0.09518212676822523,0.1267398403803484,-0.03155771361212321,-0.060022578439913085,-0.011801334387294657,0.14893617021276595
-fl_person20n,add,20,84,0.12106978085448257,0.1527018493410385,-0.031632068486555934,-0.05179529553749457,-0.008203178028286143,0.11904761904761904
+fl_pension5n,add,5,99,0.07453088064297034,0.10099050978194515,-0.026459629138974802,-0.04322067650217317,-0.012483173861463335,0.1111111111111111
+fl_pension5n,add,10,94,0.10138298709138757,0.1267398403803484,-0.025356853288960843,-0.04492290584263602,-0.007542167458265921,0.13829787234042554
+fl_pension5n,add,20,84,0.13092176917115717,0.1527018493410385,-0.021780080169881356,-0.04591854299223197,-0.00031797763704241296,0.16666666666666666
-fl_pension5n,add,5,99,0.09636434095123438,0.10099050978194515,-0.0046261688307107805,-0.015473767555189753,0.005172731932481869,0.2828282828282828
-fl_pension5n,add,10,94,0.11645396827263839,0.1267398403803484,-0.010285872107710058,-0.02318091977012212,0.0029459703263713575,0.24468085106382978
-fl_pension5n,add,20,84,0.1444386531148066,0.1527018493410385,-0.008263196226231898,-0.018212296771934578,-0.0015552018303066403,0.19047619047619047
+fl_pension20n,add,5,99,0.07433417823572153,0.10099050978194515,-0.026656331546223627,-0.049419828160634394,-0.0115102900927768,0.1414141414141414
+fl_pension20n,add,10,94,0.09550700135207241,0.1267398403803484,-0.031232839028276022,-0.055587568818854835,-0.009710494380642178,0.13829787234042554
+fl_pension20n,add,20,84,0.12010550619342306,0.1527018493410385,-0.03259634314761546,-0.05893329245075788,-0.00735078714236329,0.17857142857142858
-fl_pension20n,add,5,99,0.09173755174686433,0.10099050978194515,-0.009252958035080815,-0.02381000183315397,0.0044318491196337975,0.24242424242424243
-fl_pension20n,add,10,94,0.1157055004896873,0.1267398403803484,-0.011034339890661141,-0.02427781734731594,0.003707217687794434,0.18085106382978725
-fl_pension20n,add,20,84,0.14726289368641154,0.1527018493410385,-0.005438955654626978,-0.011120208497206442,-0.00017025887566378777,0.15476190476190477
+fl_trust5n,add,5,99,0.08331506775774229,0.10099050978194515,-0.017675442024202872,-0.032040899565001335,-0.003920689020918168,0.1717171717171717
+fl_trust5n,add,10,94,0.11101582472274492,0.1267398403803484,-0.015724015657603518,-0.02887340326482822,-0.0033734605056086465,0.1702127659574468
+fl_trust5n,add,20,84,0.1366671628630656,0.1527018493410385,-0.016034686477972914,-0.031827501369050576,-0.00298948598546283,0.11904761904761904
-fl_trust5n,add,5,99,0.08851151635520248,0.10099050978194515,-0.012478993426742663,-0.022880193673953136,-0.0033928645457358005,0.18181818181818182
-fl_trust5n,add,10,94,0.10736394152887067,0.1267398403803484,-0.01937589885147776,-0.031488017337884484,-0.00595974435107977,0.14893617021276595
-fl_trust5n,add,20,84,0.1383153918936981,0.1527018493410385,-0.014386457447340422,-0.027369051039583283,-0.003531942146482188,0.15476190476190477
+fl_trust20n,add,5,99,0.08046451386448694,0.10099050978194515,-0.020525995917458205,-0.03516142439036703,-0.010052828933376813,0.16161616161616163
+fl_trust20n,add,10,94,0.10359064703607779,0.1267398403803484,-0.02314919334427063,-0.03745986303692568,-0.010023213472471103,0.0851063829787234
+fl_trust20n,add,20,84,0.12769760172725647,0.1527018493410385,-0.02500424761378203,-0.04111485205444364,-0.010181503168159276,0.047619047619047616
-fl_trust20n,add,5,99,0.08900775207334888,0.10099050978194515,-0.011982757708596284,-0.02387806098287648,-0.0017074951885575702,0.20202020202020202
-fl_trust20n,add,10,94,0.11216493835519395,0.1267398403803484,-0.01457490202515447,-0.026099549861115547,-0.002429294414126255,0.13829787234042554
-fl_trust20n,add,20,84,0.14293632766545844,0.1527018493410385,-0.00976552167558008,-0.02143457280137755,0.0007153518160788641,0.16666666666666666
+fl_secfirm5n,add,5,99,0.07835454828453207,0.10099050978194515,-0.022635961497413086,-0.03815058438545394,-0.013282855991929922,0.1111111111111111
+fl_secfirm5n,add,10,94,0.10278594454722983,0.1267398403803484,-0.023953895833118598,-0.0403932467760381,-0.011575153654920638,0.13829787234042554
+fl_secfirm5n,add,20,84,0.12449078600360412,0.1527018493410385,-0.028211063337434394,-0.04175644152068592,-0.012677483652758387,0.07142857142857142
-fl_secfirm5n,add,5,99,0.09055310230187652,0.10099050978194515,-0.010437407480068626,-0.024607966594950466,0.0037680683457762287,0.21212121212121213
-fl_secfirm5n,add,10,94,0.11138201038138808,0.1267398403803484,-0.015357829998960338,-0.03022416322503934,0.00488913838763004,0.18085106382978725
-fl_secfirm5n,add,20,84,0.14591314619435913,0.1527018493410385,-0.006788703146679398,-0.02124653520021259,0.003300202609517766,0.19047619047619047
+fl_secfirm20n,add,5,99,0.07947537673690182,0.10099050978194515,-0.021515133045043332,-0.03837821260211514,-0.010439461255476568,0.13131313131313133
+fl_secfirm20n,add,10,94,0.10344884888934594,0.1267398403803484,-0.02329099149100246,-0.039793592239553394,-0.011135481569423398,0.11702127659574468
+fl_secfirm20n,add,20,84,0.12940872209881016,0.1527018493410385,-0.023293127242228366,-0.035103795507236954,-0.011898436956091234,0.023809523809523808
-fl_secfirm20n,add,5,99,0.09000287439294948,0.10099050978194515,-0.010987635388995672,-0.029030382158982893,0.007668583469203843,0.21212121212121213
-fl_secfirm20n,add,10,94,0.11254178681407169,0.1267398403803484,-0.01419805356627673,-0.029779905394502405,0.008668660609958608,0.20212765957446807
-fl_secfirm20n,add,20,84,0.1423476450259272,0.1527018493410385,-0.010354204315111328,-0.027919384048866125,0.001450735208114102,0.19047619047619047
+fl_prveq5n,add,5,99,0.08304927941105926,0.10099050978194515,-0.01794123037088589,-0.029271600092796307,-0.010073585238060867,0.12121212121212122
+fl_prveq5n,add,10,94,0.11130585702258086,0.1267398403803484,-0.015433983357767585,-0.024555165196487497,-0.007129895155506299,0.09574468085106383
+fl_prveq5n,add,20,84,0.13734927080395545,0.1527018493410385,-0.015352578537083059,-0.02446566335648264,-0.007606185767935386,0.047619047619047616
-fl_prveq5n,add,5,99,0.08648116164508439,0.10099050978194515,-0.014509348136860757,-0.025355329481800696,-0.0038345970327119945,0.15151515151515152
-fl_prveq5n,add,10,94,0.10465098858910107,0.1267398403803484,-0.022088851791247355,-0.03859461468122239,-0.004491457293455974,0.11702127659574468
-fl_prveq5n,add,20,84,0.13369894485184738,0.1527018493410385,-0.019002904489191147,-0.03816612033055028,-0.002043123567516609,0.19047619047619047
+fl_prveq20n,add,5,99,0.08612647744591641,0.10099050978194515,-0.014864032336028727,-0.024354391073407398,-0.008657350225171589,0.10101010101010101
+fl_prveq20n,add,10,94,0.11264889479538218,0.1267398403803484,-0.014090945584966236,-0.021842893712188637,-0.00630320189542426,0.1276595744680851
+fl_prveq20n,add,20,84,0.14172947257323495,0.1527018493410385,-0.010972376767803563,-0.019431880957715197,-0.003690574773115635,0.13095238095238096
-fl_prveq20n,add,5,99,0.08191602070538152,0.10099050978194515,-0.019074489076563627,-0.03491993463766161,-0.003841636947872099,0.15151515151515152
-fl_prveq20n,add,10,94,0.1019840290474686,0.1267398403803484,-0.024755811332879823,-0.042258906230925014,-0.006921222211426848,0.10638297872340426
-fl_prveq20n,add,20,84,0.12784387692842572,0.1527018493410385,-0.02485797241261281,-0.04548044609333989,-0.007978133090449672,0.09523809523809523
+va_ep,add,5,99,0.10413135584071061,0.10099050978194515,0.0031408460587654696,-0.013088244324320163,0.01695311094693605,0.18181818181818182
+va_ep,add,10,94,0.12899859879756265,0.1267398403803484,0.002258758417214204,-0.014103626730294843,0.017007593406440084,0.13829787234042554
+va_ep,add,20,84,0.14725529081698663,0.1527018493410385,-0.005446558524051882,-0.01564460104510189,0.0030796421286552102,0.07142857142857142
-va_ep,add,5,99,0.08992690541427234,0.10099050978194515,-0.01106360436767281,-0.03082331074222221,0.008638153946580369,0.1111111111111111
-va_ep,add,10,94,0.11435997543066717,0.1267398403803484,-0.012379864949681253,-0.03380185640715136,0.00946681464476797,0.10638297872340426
-va_ep,add,20,84,0.15289894044678456,0.1527018493410385,0.00019709110574605917,-0.009466969443219899,0.008678473384837269,0.14285714285714285
+va_bp,add,5,99,0.10358522338077232,0.10099050978194515,0.0025947135988271734,-0.03011905116494588,0.02363862578376045,0.20202020202020202
+va_bp,add,10,94,0.12472390545573595,0.1267398403803484,-0.002015934924612482,-0.037811048326068124,0.022047867616932258,0.14893617021276595
+va_bp,add,20,84,0.1356730532559308,0.1527018493410385,-0.017028796085107704,-0.03900964115017962,0.0002416603956947612,0.047619047619047616
-va_bp,add,5,99,0.08684874908024097,0.10099050978194515,-0.014141760701704186,-0.04244787406940682,0.017735327354129405,0.1111111111111111
-va_bp,add,10,94,0.11238691259884916,0.1267398403803484,-0.014352927781499275,-0.04370926638990404,0.021154101924385996,0.11702127659574468
-va_bp,add,20,84,0.15854485744071137,0.1527018493410385,0.005843008099672854,-0.004711591531581088,0.020032107481971585,0.16666666666666666
+va_div,add,5,99,0.10219723987769744,0.10099050978194515,0.001206730095752301,-0.023522807926513095,0.01921089020692694,0.21212121212121213
+va_div,add,10,94,0.12290342450506012,0.1267398403803484,-0.0038364158752883103,-0.032047061089339475,0.015008607770495177,0.14893617021276595
+va_div,add,20,84,0.13433344557491994,0.1527018493410385,-0.018368403766118587,-0.03711943908617305,-0.001658139213846258,0.023809523809523808
-va_div,add,5,99,0.08770102102122691,0.10099050978194515,-0.013289488760718242,-0.04534879825418262,0.02194944762782118,0.1111111111111111
-va_div,add,10,94,0.11554107858637651,0.1267398403803484,-0.01119876179397191,-0.04182023345564479,0.027763515053283807,0.1276595744680851
-va_div,add,20,84,0.16687637800225077,0.1527018493410385,0.01417452866121228,-0.00040832645566212276,0.032978055116596884,0.19047619047619047
+ev_buyback60,add,5,99,0.10469474554226296,0.10099050978194515,0.0037042357603178054,-0.002989678723146308,0.009570119995291376,0.6464646464646465
+ev_buyback60,add,10,94,0.13243071142220234,0.1267398403803484,0.005690871041853908,-0.0017594336083635615,0.012746301344579512,0.7127659574468085
+ev_buyback60,add,20,84,0.15921278373150552,0.1527018493410385,0.00651093439046698,-0.0017927207098360567,0.015219598796055134,0.6785714285714286
-ev_buyback60,add,5,99,0.0836907775516951,0.10099050978194515,-0.017299732230250053,-0.027787947377506964,-0.005745235523513448,0.21212121212121213
-ev_buyback60,add,10,94,0.1033883416016294,0.1267398403803484,-0.02335149877871905,-0.03653463680455447,-0.009453803567944147,0.2553191489361702
-ev_buyback60,add,20,84,0.12439860604678962,0.1527018493410385,-0.028303243294248877,-0.04381479935743715,-0.013113107333632506,0.25
+ev_dilution60,add,5,99,0.07307524984950589,0.10099050978194515,-0.027915259932439263,-0.03593189754694711,-0.019664426267618447,0.12121212121212122
+ev_dilution60,add,10,94,0.09144676322610823,0.1267398403803484,-0.03529307715424019,-0.0448195796312057,-0.025290370366091476,0.07446808510638298
+ev_dilution60,add,20,84,0.11239493602738855,0.1527018493410385,-0.04030691331364996,-0.05285286183274062,-0.028044201194120395,0.11904761904761904
-ev_dilution60,add,5,99,0.11095227052729081,0.10099050978194515,0.009961760745345657,0.0033062204372459473,0.01429374679186252,0.797979797979798
-ev_dilution60,add,10,94,0.1398551194582355,0.1267398403803484,0.013115279077887067,0.005453561915375583,0.01967297561142561,0.8191489361702128
-ev_dilution60,add,20,84,0.16824365720987902,0.1527018493410385,0.015541807868840523,0.006433824299322691,0.025305946137813392,0.8095238095238095
+px_lv60,add,5,99,-0.023241222819352814,0.10099050978194515,-0.12423173260129798,-0.20632720203677912,-0.04028561012180195,0.31313131313131315
+px_lv60,add,10,94,-0.03607803936189553,0.1267398403803484,-0.16281787974224396,-0.2584965759407033,-0.0696133824227328,0.2553191489361702
+px_lv60,add,20,84,-0.047072876345994906,0.1527018493410385,-0.19977472568703344,-0.3130443665233763,-0.10362908436202643,0.25
-px_lv60,add,5,99,0.13976108834445627,0.10099050978194515,0.03877057856251112,-0.016202824954361112,0.08534174780367618,0.5858585858585859
-px_lv60,add,10,94,0.1807993049633762,0.1267398403803484,0.054059464583027766,-0.007015774768105851,0.10907285748784774,0.648936170212766
-px_lv60,add,20,84,0.22252311110389875,0.1527018493410385,0.06982126176286022,0.012237738278297959,0.13709137398952406,0.7142857142857143
+px_lv20,add,5,99,-0.021104047804846524,0.10099050978194515,-0.12209455758679168,-0.19802396204353495,-0.04549350438876013,0.29292929292929293
+px_lv20,add,10,94,-0.030549207085609917,0.1267398403803484,-0.15728904746595834,-0.24123892853056986,-0.0711055421049027,0.23404255319148937
+px_lv20,add,20,84,-0.0453977399020565,0.1527018493410385,-0.198099589243095,-0.30376963963431003,-0.11448408893569888,0.21428571428571427
-px_lv20,add,5,99,0.13832528468349534,0.10099050978194515,0.03733477490155019,-0.01331921502052506,0.0806769095140131,0.6060606060606061
-px_lv20,add,10,94,0.17755825139414064,0.1267398403803484,0.05081841101379221,-0.0033385236668227423,0.10271604783321304,0.6382978723404256
-px_lv20,add,20,84,0.2212941368207155,0.1527018493410385,0.06859228747967701,0.017444529401832803,0.13443794081173865,0.7261904761904762
+px_rv21,add,5,99,-0.02124153929768252,0.10099050978194515,-0.12223204907962765,-0.1980211830503929,-0.04609366304108885,0.29292929292929293
+px_rv21,add,10,94,-0.03138843350501577,0.1267398403803484,-0.1581282738853642,-0.24300217035131752,-0.07127440075273693,0.23404255319148937
+px_rv21,add,20,84,-0.04615392784265995,0.1527018493410385,-0.19885577718369843,-0.30405792902146817,-0.11492174843127469,0.21428571428571427
-px_rv21,add,5,99,0.13834196755227662,0.10099050978194515,0.03735145777033146,-0.01351865382155137,0.08025144981164137,0.6262626262626263
-px_rv21,add,10,94,0.17822685998894386,0.1267398403803484,0.051487019608595426,-0.0029874770925737357,0.10384518307142619,0.6382978723404256
-px_rv21,add,20,84,0.22169246332724163,0.1527018493410385,0.0689906139862031,0.018252400858505914,0.13508712954036214,0.7261904761904762
+px_to20,add,5,99,-0.049134551645233115,0.10099050978194515,-0.15012506142717827,-0.22111295413052962,-0.07860810904099166,0.21212121212121213
+px_to20,add,10,94,-0.06973488094968343,0.1267398403803484,-0.19647472133003188,-0.2813492602898583,-0.1143950967774929,0.1595744680851064
+px_to20,add,20,84,-0.09579567853830817,0.1527018493410385,-0.24849752787934665,-0.3427211944171923,-0.17021791053422222,0.11904761904761904
-px_to20,add,5,99,0.1431909505251127,0.10099050978194515,0.04220044074316753,0.007737410658951906,0.07075379206290695,0.7373737373737373
-px_to20,add,10,94,0.1846442448645547,0.1267398403803484,0.0579044044842062,0.021017066858016957,0.09316850091551461,0.7553191489361702
-px_to20,add,20,84,0.22838857148025543,0.1527018493410385,0.07568672213921693,0.04293899859921143,0.11722123715365795,0.7857142857142857
+px_nh252,add,5,99,0.10313838900437104,0.10099050978194515,0.0021478792224259077,-0.04150285131408381,0.034576699603919195,0.5959595959595959
+px_nh252,add,10,94,0.13557439089986398,0.1267398403803484,0.008834550519515564,-0.03887824272929134,0.04767698015741022,0.7021276595744681
+px_nh252,add,20,84,0.147308113944698,0.1527018493410385,-0.005393735396340531,-0.0521610158562794,0.04094692653816785,0.6666666666666666
-px_nh252,add,5,99,0.03446169579199334,0.10099050978194515,-0.0665288139899518,-0.11435170414227927,-0.006308322042227834,0.21212121212121213
-px_nh252,add,10,94,0.03787209475903162,0.1267398403803484,-0.08886774562131682,-0.14454793932840668,-0.02277950411974544,0.20212765957446807
-px_nh252,add,20,84,0.06880312637386446,0.1527018493410385,-0.08389872296717406,-0.15198915407176516,-0.01800696352296356,0.25
+px_dlow252,add,5,99,0.02807837456090411,0.10099050978194515,-0.07291213522104104,-0.1223000316821281,-0.026792034560365073,0.3838383838383838
+px_dlow252,add,10,94,0.02821181536162017,0.1267398403803484,-0.09852802501872823,-0.15809080936685094,-0.03816588079499567,0.2872340425531915
+px_dlow252,add,20,84,0.022407858006073537,0.1527018493410385,-0.13029399133496497,-0.20278109055430069,-0.07101568576492184,0.23809523809523808
-px_dlow252,add,5,99,0.1104489917883937,0.10099050978194515,0.00945848200644854,-0.025554938706064092,0.04237372407998119,0.494949494949495
-px_dlow252,add,10,94,0.1449818500046358,0.1267398403803484,0.018242009624287382,-0.02583393327084063,0.06045891672071152,0.5531914893617021
-px_dlow252,add,20,84,0.1849025488461019,0.1527018493410385,0.0322006995050634,-0.017269580922013666,0.0903367657526206,0.6190476190476191
+px_mom12_1,add,5,99,0.060643153092125916,0.10099050978194515,-0.04034735668981923,-0.08830836687813019,0.00942257779355183,0.43434343434343436
+px_mom12_1,add,10,94,0.06928367857626924,0.1267398403803484,-0.05745616180407919,-0.12150532422148008,0.00021798578596190295,0.3723404255319149
+px_mom12_1,add,20,84,0.07174051685207619,0.1527018493410385,-0.08096133248896231,-0.15084523536498032,-0.02259737949999127,0.35714285714285715
-px_mom12_1,add,5,99,0.076047021815419,0.10099050978194515,-0.024943487966526137,-0.07068817005738408,0.013587033158998185,0.42424242424242425
-px_mom12_1,add,10,94,0.10273938147593278,0.1267398403803484,-0.024000458904415652,-0.07841524640432995,0.030063212056103773,0.40425531914893614
-px_mom12_1,add,20,84,0.13395964320756384,0.1527018493410385,-0.01874220613347469,-0.07241096473026111,0.04812319233158976,0.36904761904761907
+px_mom21,add,5,99,0.07053076373987376,0.10099050978194515,-0.030459746042071387,-0.07519547203823597,0.014361369952913153,0.41414141414141414
+px_mom21,add,10,94,0.09956479250300278,0.1267398403803484,-0.027175047877345634,-0.07440096326277121,0.016847420732241998,0.425531914893617
+px_mom21,add,20,84,0.10520658242809092,0.1527018493410385,-0.047495266912947615,-0.09262942783597912,-0.0016343344262463437,0.38095238095238093
-px_mom21,add,5,99,0.05607174471188237,0.10099050978194515,-0.04491876507006279,-0.09569129874262935,0.009482675657879452,0.37373737373737376
-px_mom21,add,10,94,0.06304977222096106,0.1267398403803484,-0.06369006815938735,-0.1240700740578732,-0.007797241354991335,0.2978723404255319
-px_mom21,add,20,84,0.09551435736495513,0.1527018493410385,-0.05718749197608339,-0.11439995825470148,-0.0006832067098711591,0.25
+px_mom63,add,5,99,0.05516206707832576,0.10099050978194515,-0.045828442703619396,-0.08971252154711795,-0.017061032567227297,0.3434343434343434
+px_mom63,add,10,94,0.07014118781142327,0.1267398403803484,-0.05659865256892516,-0.1000295582290507,-0.022618114765216808,0.2978723404255319
+px_mom63,add,20,84,0.06425658630935084,0.1527018493410385,-0.08844526303168768,-0.126553906914243,-0.05407874109763853,0.17857142857142858
-px_mom63,add,5,99,0.08305982389595387,0.10099050978194515,-0.017930685885991286,-0.05236173859741501,0.028559981555571844,0.31313131313131315
-px_mom63,add,10,94,0.1062250025879963,0.1267398403803484,-0.020514837792352122,-0.05565900843097853,0.028212662942476093,0.22340425531914893
-px_mom63,add,20,84,0.15000531037364698,0.1527018493410385,-0.0026965389673915467,-0.044129142373023206,0.038591997572900535,0.30952380952380953
+px_ret5,add,5,99,0.06870136649981445,0.10099050978194515,-0.0322891432821307,-0.06096256447927586,-0.007575983182632323,0.32323232323232326
+px_ret5,add,10,94,0.1011598471659447,0.1267398403803484,-0.025579993214403733,-0.057859155116348995,0.006687241543494613,0.4574468085106383
+px_ret5,add,20,84,0.12725410031219353,0.1527018493410385,-0.025447749028844984,-0.05369631891584214,0.009532589181771139,0.35714285714285715
-px_ret5,add,5,99,0.06850510311899441,0.10099050978194515,-0.03248540666295074,-0.06351318194123892,0.002275146674017534,0.2828282828282828
-px_ret5,add,10,94,0.06746040071275246,0.1267398403803484,-0.059279439667595975,-0.1092309936007305,-0.012345129592774291,0.2127659574468085
-px_ret5,add,20,84,0.07505774210324774,0.1527018493410385,-0.07764410723779078,-0.13435873440601237,-0.03622593015410652,0.2261904761904762
+px_upratio63,add,5,99,0.0696912344252861,0.10099050978194515,-0.031299275356659044,-0.054961552141831516,-0.010166148541492611,0.32323232323232326
+px_upratio63,add,10,94,0.08867304399488254,0.1267398403803484,-0.038066796385465895,-0.06429346880152552,-0.013857589963349765,0.2978723404255319
+px_upratio63,add,20,84,0.10390407673950901,0.1527018493410385,-0.04879777260152952,-0.08247040173600624,-0.019092343146181225,0.2976190476190476
-px_upratio63,add,5,99,0.07377151496257217,0.10099050978194515,-0.02721899481937298,-0.052270630445022295,-0.004930407608112906,0.35353535353535354
-px_upratio63,add,10,94,0.09211766679867078,0.1267398403803484,-0.03462217358167765,-0.06617830417257602,-0.006694966571606995,0.2978723404255319
-px_upratio63,add,20,84,0.11584233901518855,0.1527018493410385,-0.03685951032584996,-0.08510180107695403,-0.0004725633813710766,0.40476190476190477
+px_on60,add,5,99,0.028896631621234965,0.10099050978194515,-0.0720938781607102,-0.11498981286186018,-0.03825581825166258,0.32323232323232326
+px_on60,add,10,94,0.027390566709107847,0.1267398403803484,-0.09934927367124058,-0.14615742763643122,-0.05367907032586149,0.23404255319148937
+px_on60,add,20,84,0.021121995627108862,0.1527018493410385,-0.1315798537139296,-0.19604714877282914,-0.0807766218343132,0.10714285714285714
-px_on60,add,5,99,0.11043027033842505,0.10099050978194515,0.009439760556479883,-0.01873212738986013,0.03859307375858173,0.5353535353535354
-px_on60,add,10,94,0.14809924927971155,0.1267398403803484,0.021359408899363122,-0.013425309234418734,0.05353929074536982,0.6276595744680851
-px_on60,add,20,84,0.19094836212098215,0.1527018493410385,0.03824651277994364,0.0015776572029589345,0.08210957428334395,0.6190476190476191
+px_size,add,5,99,0.0993399199903636,0.10099050978194515,-0.001650589791581548,-0.01838546853087372,0.015147979484072848,0.47474747474747475
+px_size,add,10,94,0.12240071725470385,0.1267398403803484,-0.0043391231256445645,-0.024313259198786862,0.01537385680342632,0.46808510638297873
+px_size,add,20,84,0.1369745056757315,0.1527018493410385,-0.01572734366530701,-0.04472474387491912,0.01095382492883534,0.38095238095238093
-px_size,add,5,99,0.029332325095615543,0.10099050978194515,-0.0716581846863296,-0.11636364257530032,-0.03414480778202104,0.2828282828282828
-px_size,add,10,94,0.03834997166231095,0.1267398403803484,-0.08838986871803749,-0.14011036115310715,-0.04415192948740058,0.24468085106382978
-px_size,add,20,84,0.06368860994139668,0.1527018493410385,-0.08901323939964184,-0.16773712087162554,-0.02960164746397615,0.44047619047619047
+px_amt20,add,5,99,0.03690235789307131,0.10099050978194515,-0.06408815188887385,-0.10115699910801526,-0.02701063807237798,0.30303030303030304
+px_amt20,add,10,94,0.04029532326665297,0.1267398403803484,-0.08644451711369548,-0.13402611327064096,-0.04364337347744033,0.2765957446808511
+px_amt20,add,20,84,0.03368146924421948,0.1527018493410385,-0.11902038009681905,-0.17714223807267893,-0.0723958708585574,0.2261904761904762
-px_amt20,add,5,99,0.11076168699302838,0.10099050978194515,0.009771177211083224,-0.027467006338330033,0.04473098456150102,0.5050505050505051
-px_amt20,add,10,94,0.1472725119501561,0.1267398403803484,0.020532671569807665,-0.025884998434762597,0.06866586089743354,0.4787234042553192
-px_amt20,add,20,84,0.1941789151651714,0.1527018493410385,0.04147706582413289,-0.009854588927940968,0.10624534731786388,0.5595238095238095
+px_max5_21,add,5,99,0.0014962886872921031,0.10099050978194515,-0.09949422109465302,-0.15447465334252783,-0.044621761011686134,0.2727272727272727
+px_max5_21,add,10,94,0.002949354993166829,0.1267398403803484,-0.12379048538718161,-0.19158214376175917,-0.060176356730718396,0.2127659574468085
+px_max5_21,add,20,84,-0.005891839844599931,0.1527018493410385,-0.15859368918563843,-0.23912377147082098,-0.09424321610109636,0.20238095238095238
-px_max5_21,add,5,99,0.12530902956602638,0.10099050978194515,0.024318519784081227,-0.012658655763805456,0.05574152183977161,0.5858585858585859
-px_max5_21,add,10,94,0.15810368229613042,0.1267398403803484,0.031363841915781995,-0.011324606646961445,0.06998664033033994,0.6170212765957447
-px_max5_21,add,20,84,0.1971619118924538,0.1527018493410385,0.04446006255141529,0.0051050039857859905,0.09604265922739684,0.6904761904761905
+px_bbw20,add,5,99,-0.011992774198112087,0.10099050978194515,-0.11298328398005725,-0.18535543882591857,-0.04313971707036215,0.2727272727272727
+px_bbw20,add,10,94,-0.022027099500904597,0.1267398403803484,-0.14876693988125303,-0.23391419545413464,-0.07019049905174597,0.2553191489361702
+px_bbw20,add,20,84,-0.015634814746465924,0.1527018493410385,-0.16833666408750445,-0.2656467018635351,-0.08883719127493464,0.25
-px_bbw20,add,5,99,0.1328123787406764,0.10099050978194515,0.03182186895873124,-0.013516053282812638,0.07175989339659367,0.5858585858585859
-px_bbw20,add,10,94,0.1702693730325617,0.1267398403803484,0.0435295326522133,-0.004612466941981711,0.09187313077875463,0.6595744680851063
-px_bbw20,add,20,84,0.19451367356430108,0.1527018493410385,0.04181182422326254,-0.002982071904101454,0.09707372598064946,0.6190476190476191
+px_sma20gap,add,5,99,0.0781553013918835,0.10099050978194515,-0.022835208390061642,-0.0636253200359155,0.013181507158034617,0.4444444444444444
+px_sma20gap,add,10,94,0.11124491854900452,0.1267398403803484,-0.015494921831343893,-0.06558230227770508,0.03483992927784039,0.4787234042553192
+px_sma20gap,add,20,84,0.12906714641289257,0.1527018493410385,-0.023634702928145967,-0.06527843334741258,0.019791190438681893,0.44047619047619047
-px_sma20gap,add,5,99,0.0544453469277262,0.10099050978194515,-0.04654516285421893,-0.09448978197657773,0.007391585459744465,0.31313131313131315
-px_sma20gap,add,10,94,0.0531521592120886,0.1267398403803484,-0.07358768116825982,-0.142340361265282,-0.012726392776516602,0.2872340425531915
-px_sma20gap,add,20,84,0.07087866443843643,0.1527018493410385,-0.08182318490260208,-0.1450608540046258,-0.027240575194783533,0.27380952380952384
+px_rsi14,add,5,99,0.04019328297626617,0.10099050978194515,-0.060797226805678964,-0.09677144388659074,-0.03034502403519589,0.2828282828282828
+px_rsi14,add,10,94,0.05983354197033373,0.1267398403803484,-0.06690629841001469,-0.10534957053217618,-0.03290026376690395,0.2872340425531915
+px_rsi14,add,20,84,0.05899489802172296,0.1527018493410385,-0.09370695131931557,-0.13149935592702153,-0.056787873924277234,0.17857142857142858
-px_rsi14,add,5,99,0.09622813755757922,0.10099050978194515,-0.004762372224365918,-0.03551242754224769,0.031090089026041247,0.43434343434343436
-px_rsi14,add,10,94,0.11323296230141,0.1267398403803484,-0.013506878078938415,-0.052253780926417255,0.02704530884619178,0.35106382978723405
-px_rsi14,add,20,84,0.15182831575741762,0.1527018493410385,-0.0008735335836209154,-0.042451955151741654,0.03949246697761489,0.40476190476190477
+px_dd52,add,5,99,0.10313838900437104,0.10099050978194515,0.0021478792224259077,-0.04150285131408381,0.034576699603919195,0.5959595959595959
+px_dd52,add,10,94,0.13557439089986398,0.1267398403803484,0.008834550519515564,-0.03887824272929134,0.04767698015741022,0.7021276595744681
+px_dd52,add,20,84,0.147308113944698,0.1527018493410385,-0.005393735396340531,-0.0521610158562794,0.04094692653816785,0.6666666666666666
-px_dd52,add,5,99,0.03446169579199334,0.10099050978194515,-0.0665288139899518,-0.11435170414227927,-0.006308322042227834,0.21212121212121213
-px_dd52,add,10,94,0.03787209475903162,0.1267398403803484,-0.08886774562131682,-0.14454793932840668,-0.02277950411974544,0.20212765957446807
-px_dd52,add,20,84,0.06880312637386446,0.1527018493410385,-0.08389872296717406,-0.15198915407176516,-0.01800696352296356,0.25
uni:조용함상위50%,universe,5,99,0.055550790466294325,0.055550790466294325,0.0,0.0,0.0,0.0
uni:조용함상위50%,universe,10,94,0.07924238519034872,0.07924238519034872,0.0,0.0,0.0,0.0
uni:조용함상위50%,universe,20,84,0.09918808925850615,0.09918808925850615,0.0,0.0,0.0,0.0
uni:조용함하위50%,universe,5,99,0.07903308782136619,0.07903308782136619,0.0,0.0,0.0,0.0
uni:조용함하위50%,universe,10,94,0.0873469935145024,0.0873469935145024,0.0,0.0,0.0,0.0
uni:조용함하위50%,universe,20,84,0.10415880296855623,0.10415880296855623,0.0,0.0,0.0,0.0
uni:대형30%,universe,5,99,0.07310669071253136,0.07310669071253136,0.0,0.0,0.0,0.0
uni:대형30%,universe,10,94,0.10461349622567077,0.10461349622567077,0.0,0.0,0.0,0.0
uni:대형30%,universe,20,84,0.14293395329496075,0.14293395329496075,0.0,0.0,0.0,0.0
uni:중소형70%,universe,5,99,0.08788012498217307,0.08788012498217307,0.0,0.0,0.0,0.0
uni:중소형70%,universe,10,94,0.10316911596910448,0.10316911596910448,0.0,0.0,0.0,0.0
uni:중소형70%,universe,20,84,0.12282583075864324,0.12282583075864324,0.0,0.0,0.0,0.0
uni:코스닥,universe,5,99,0.07247579733579615,0.07247579733579615,0.0,0.0,0.0,0.0
uni:코스닥,universe,10,94,0.08404955065341305,0.08404955065341305,0.0,0.0,0.0,0.0
uni:코스닥,universe,20,84,0.09758535742173967,0.09758535742173967,0.0,0.0,0.0,0.0
uni:코스피,universe,5,99,0.08662757886225095,0.08662757886225095,0.0,0.0,0.0,0.0
uni:코스피,universe,10,94,0.11143299219016423,0.11143299219016423,0.0,0.0,0.0,0.0
uni:코스피,universe,20,84,0.14413264206793006,0.14413264206793006,0.0,0.0,0.0,0.0
uni:희석60d제외,universe,5,99,0.10173188516874003,0.10173188516874003,0.0,0.0,0.0,0.0
uni:희석60d제외,universe,10,94,0.12858235091710782,0.12858235091710782,0.0,0.0,0.0,0.0
uni:희석60d제외,universe,20,84,0.1571268411510006,0.1571268411510006,0.0,0.0,0.0,0.0
uni:RSI<50,universe,5,99,0.08355673108303649,0.08355673108303649,0.0,0.0,0.0,0.0
uni:RSI<50,universe,10,94,0.10601916597469656,0.10601916597469656,0.0,0.0,0.0,0.0
uni:RSI<50,universe,20,84,0.1302561699564159,0.1302561699564159,0.0,0.0,0.0,0.0
uni:RSI>=50,universe,5,99,0.11659269939844681,0.11659269939844681,0.0,0.0,0.0,0.0
uni:RSI>=50,universe,10,94,0.14813089378034902,0.14813089378034902,0.0,0.0,0.0,0.0
uni:RSI>=50,universe,20,84,0.1785942515133598,0.1785942515133598,0.0,0.0,0.0,0.0
uni:거래대금20억↑,universe,5,99,0.14229521464880499,0.14229521464880499,0.0,0.0,0.0,0.0
uni:거래대금20억↑,universe,10,94,0.18115479763812892,0.18115479763812892,0.0,0.0,0.0,0.0
uni:거래대금20억↑,universe,20,84,0.2248338440188735,0.2248338440188735,0.0,0.0,0.0,0.0
uni:svr5>0(공매도 있는 종목만),universe,5,99,0.09880826056040314,0.09880826056040314,0.0,0.0,0.0,0.0
uni:svr5>0(공매도 있는 종목만),universe,10,94,0.12484492209727417,0.12484492209727417,0.0,0.0,0.0,0.0
uni:svr5>0(공매도 있는 종목만),universe,20,84,0.15043508880782078,0.15043508880782078,0.0,0.0,0.0,0.0
