ticker,name,sector,price,RSI,Stoch_K,BB_pct,drawdown_52w_high_%,distance_to_52w_low_%,return_1w_%,return_1m_%,return_3m_%,vs_SMA20_%,vs_SMA50_%,vs_SMA200_%,volume_vs_avg,52w_high,52w_low,acc_score,acc_signal_vol,acc_signal_return,acc_signal_candle,avg_volume_1w,avg_volume_1m,amt_today_억,amt_avg_1w_억,amt_avg_1m_억,vol_1w_vs_1m_ratio,trend_score,falling_knife,reversal_above_sma5,reversal_rebound_3pct,reversal_vol_up_candle,trend_details,oversold_score,foreign_5d_억,inst_5d_억,foreign_20d_억,inst_20d_억,supply_fetched,supply_score,market_regime,regime_score,regime_kospi_score,regime_fx_score,regime_flow_score,kospi_vs_sma200_%,kospi_return_1m_%,usdkrw,usdkrw_vs_sma20_%,usdkrw_return_1m_%,foreign_kospi_5d_억,foreign_kospi_5d_raw_억,foreign_kospi_5d_adjusted_억,foreign_proxy_success,foreign_proxy_total,foreign_proxy_coverage,stock_score_stage1,composite_score,stock_code,corp_code,danger_count,warning_count,fp_avoided_count,soft_downgraded_count,danger_details,warning_details,fp_avoided_details,soft_downgraded_details,danger_urls,warning_urls,fp_avoided_urls,soft_downgraded_urls,danger_rcept_nos,warning_rcept_nos,risk_level,annual_year,annual_latest_억,annual_prev_억,annual_yoy_%,annual_fs_div,annual_op_account_nm,annual_op_account_id,ocf_latest_억,ocf_prev_억,ocf_account_nm,ocf_account_id,dart_annual_status,dart_annual_message,dart_ocf_status,dart_ocf_message,q_period,q_basis,q_latest_억,q_prev_억,quarterly_yoy_%,q_latest_key,q_prev_key,q_fs_div,q_source_api,q_op_account_nm,q_op_account_id,dart_q_status,dart_q_message,earnings_pattern,fundamental_score,ocf_score,ocf_pattern,ocf_to_op_ratio,ocf_threshold_group,momentum_score,stock_score,final_score
120110,코오롱인더,,60700,22.1,12.8,4.3,-42.1,103.0,-15.5,-36.5,-1.1,-20.3,-26.5,10.8,1.59,104900,29900,0,False,False,False,351630,382879,370.4,229.8,296.9,0.92,0,False,False,False,False,-,87.4,278.4,-217.3,1137.7,-600.2,True,8,강세,-6,0,-3,-3,67.0,17.6,1527.78,1.48,5.02,-170020.0,-170020.0,-170020.0,10,10,1.0,95.4,89.4,120110,00795135,0,0,0,0,,,,,,,,,,,안전,2025,1089.0,1587.2,-31.4,CFS,V. 영업이익,dart_OperatingIncomeLoss,3550.4,2905.9,I. 영업활동으로인한현금흐름,ifrs-full_CashFlowsFromUsedInOperatingActivities,ok,연간 영업이익 YoY 계산 성공,ok,OCF 추출 성공,2026 Q1,3개월,619.2,269.3,129.9,thstrm_amount,frmtrm_q_amount,CFS,fnlttSinglAcntAll,영업이익,dart_OperatingIncomeLoss,ok,3개월 기준 YoY 계산 성공,턴어라운드,20,5,현금창출양호,3.26,default,0,120.4,114.4
006360,GS건설,,25600,30.6,8.3,4.7,-42.9,43.9,-16.1,-27.8,30.9,-17.5,-23.5,10.6,0.75,44850,17790,0,False,False,False,872553,1423307,240.8,242.1,465.6,0.61,0,False,False,False,False,-,83.3,85.2,23.8,33.7,-332.0,True,15,강세,-6,0,-3,-3,67.0,17.6,1527.78,1.48,5.02,-170020.0,-170020.0,-170020.0,10,10,1.0,98.3,92.3,6360,00120030,0,0,0,0,,,,,,,,,,,안전,2025,4378.1,2859.5,53.1,CFS,영업이익(손실),dart_OperatingIncomeLoss,5915.3,2678.1,영업활동으로 인한 현금흐름,ifrs-full_CashFlowsFromUsedInOperatingActivities,ok,연간 영업이익 YoY 계산 성공,ok,OCF 추출 성공,2026 Q1,3개월,734.7,703.8,4.4,thstrm_amount,frmtrm_q_amount,CFS,fnlttSinglAcntAll,영업이익(손실),dart_OperatingIncomeLoss,ok,3개월 기준 YoY 계산 성공,성장지속,10,5,현금창출양호,1.35,default,-3,110.3,104.3
103140,풍산,,67800,14.8,6.1,-3.7,-60.6,11.1,-15.5,-31.7,-42.7,-19.4,-27.1,-37.7,1.02,172200,61000,0,False,False,False,171666,166382,112.7,126.6,141.4,1.03,0,False,False,False,False,-,90.1,225.2,-161.3,477.4,-323.9,True,8,강세,-6,0,-3,-3,67.0,17.6,1527.78,1.48,5.02,-170020.0,-170020.0,-170020.0,10,10,1.0,98.1,92.1,103140,00684714,0,0,0,0,,,,,,,,,,,안전,2025,2974.3,3237.7,-8.1,CFS,영업이익,dart_OperatingIncomeLoss,-1684.9,399.0,영업활동순현금흐름,ifrs-full_CashFlowsFromUsedInOperatingActivities,ok,연간 영업이익 YoY 계산 성공,ok,OCF 추출 성공,2026 Q1,3개월,901.7,697.1,29.3,thstrm_amount,frmtrm_q_amount,CFS,fnlttSinglAcntAll,영업이익,dart_OperatingIncomeLoss,ok,3개월 기준 YoY 계산 성공,턴어라운드,20,-10,밸류트랩의심,-0.57,default,2,110.1,104.1
012450,한화에어로스페이스,,1006000,22.1,13.1,-3.8,-39.2,32.4,-14.2,-29.8,-27.2,-16.8,-24.9,-10.9,0.68,1655000,760000,0,False,False,False,279919,241511,1629.8,3011.3,2922.2,1.16,0,False,False,False,False,-,84.8,1099.6,-1044.1,613.4,-2089.9,True,8,강세,-6,0,-3,-3,67.0,17.6,1527.78,1.48,5.02,-170020.0,-170020.0,-170020.0,10,10,1.0,92.8,86.8,12450,00126566,0,12,0,0,,[20260304] [기재정정]유상증자결정(종속회사의주요경영사항)               (20260304801517) || [20251223] [기재정정]유상증자결정(종속회사의주요경영사항)               (20251223800520) || [20251222] [기재정정]유상증자결정(종속회사의주요경영사항)               (20251222800718),,,,https://dart.fss.or.kr/dsaf001/main.do?rcpNo=20260304801517 || https://dart.fss.or.kr/dsaf001/main.do?rcpNo=20251223800520 || https://dart.fss.or.kr/dsaf001/main.do?rcpNo=20251222800718,,,,20260304801517 || 20251223800520 || 20251222800718,주의,2025,30893.2,17318.8,78.4,CFS,영업이익,dart_OperatingIncomeLoss,40498.0,13929.7,영업활동으로 인한 현금흐름,ifrs-full_CashFlowsFromUsedInOperatingActivities,ok,연간 영업이익 YoY 계산 성공,ok,OCF 추출 성공,2026 Q1,3개월,6388.9,5299.4,20.6,thstrm_amount,frmtrm_q_amount,CFS,fnlttSinglAcntAll,영업이익,dart_OperatingIncomeLoss,ok,3개월 기준 YoY 계산 성공,성장지속,10,5,현금창출양호,1.31,default,0,107.8,101.8
096770,SK이노베이션,,104600,28.6,4.0,-7.3,-32.7,29.3,-12.2,-28.7,-17.3,-13.5,-15.8,-9.2,0.84,155400,80900,0,False,False,False,507428,650657,556.2,576.9,799.0,0.78,0,False,False,False,False,-,82.4,179.5,-322.3,184.8,-845.5,True,8,강세,-6,0,-3,-3,67.0,17.6,1527.78,1.48,5.02,-170020.0,-170020.0,-170020.0,10,10,1.0,90.4,84.4,96770,00631518,0,18,0,0,,[20260521] [기재정정]감자결정(종속회사의주요경영사항)               (20260521800673) || [20260331] [기재정정]감자결정(종속회사의주요경영사항)               (20260331802520) || [20251224] [기재정정]감자결정(종속회사의주요경영사항)               (20251224800600),,,,https://dart.fss.or.kr/dsaf001/main.do?rcpNo=20260521800673 || https://dart.fss.or.kr/dsaf001/main.do?rcpNo=20260331802520 || https://dart.fss.or.kr/dsaf001/main.do?rcpNo=20251224800600,,,,20260521800673 || 20260331802520 || 20251224800600,주의,2025,4486.8,3557.0,26.1,CFS,영업이익,dart_OperatingIncomeLoss,22830.5,22325.2,영업활동으로인한현금흐름,ifrs-full_CashFlowsFromUsedInOperatingActivities,ok,연간 영업이익 YoY 계산 성공,ok,OCF 추출 성공,2026 Q1,3개월,21621.7,-307.4,7134.1,thstrm_amount,frmtrm_q_amount,CFS,fnlttSinglAcntAll,영업이익(손실),dart_OperatingIncomeLoss,ok,3개월 기준 YoY 계산 성공,성장지속,10,5,현금창출양호,5.09,default,2,107.4,101.4
035720,카카오,,38600,30.7,7.9,2.5,-46.1,4.0,-8.0,-16.6,-24.6,-8.6,-15.2,-31.2,0.86,71600,37100,5,True,False,False,4370832,3051910,1013.5,1831.3,1301.9,1.43,0,False,False,False,False,-,79.7,-969.5,-356.0,-831.7,-1071.2,True,0,강세,-6,0,-3,-3,67.0,17.6,1527.78,1.48,5.02,-170020.0,-170020.0,-170020.0,10,10,1.0,84.7,78.7,35720,00258801,0,1,0,0,,[20260211] 주요사항보고서(감자결정) (20260211001067),,,,https://dart.fss.or.kr/dsaf001/main.do?rcpNo=20260211001067,,,,20260211001067,주의,2025,7320.4,4952.8,47.8,CFS,영업이익,dart_OperatingIncomeLoss,14047.6,12504.6,영업활동으로 인한 현금흐름,ifrs-full_CashFlowsFromUsedInOperatingActivities,ok,연간 영업이익 YoY 계산 성공,ok,OCF 추출 성공,2026 Q1,3개월,2114.0,1273.7,66.0,thstrm_amount,frmtrm_q_amount,CFS,fnlttSinglAcntAll,영업이익,dart_OperatingIncomeLoss,ok,3개월 기준 YoY 계산 성공,성장지속,10,5,현금창출양호,1.92,default,2,101.7,95.7
207940,삼성바이오로직스,,1243000,26.8,6.9,-18.5,-37.4,1.2,-8.8,-16.0,-24.5,-10.4,-16.3,-23.3,1.14,1987000,1228000,0,False,False,False,63525,68181,971.2,845.4,947.8,0.93,0,False,False,False,False,-,78.7,125.6,-351.3,495.7,-1873.0,True,8,강세,-6,0,-3,-3,67.0,17.6,1527.78,1.48,5.02,-170020.0,-170020.0,-170020.0,10,10,1.0,86.7,80.7,207940,00877059,0,1,0,0,,[20260320] 유상증자결정(종속회사의주요경영사항)               (20260320801902),,,,https://dart.fss.or.kr/dsaf001/main.do?rcpNo=20260320801902,,,,20260320801902,주의,2025,20692.2,13213.7,56.6,CFS,영업이익,dart_OperatingIncomeLoss,22478.1,16592.6,영업활동으로 인한 현금흐름,ifrs-full_CashFlowsFromUsedInOperatingActivities,ok,연간 영업이익 YoY 계산 성공,ok,OCF 추출 성공,2026 Q1,3개월,598.4,88.6,575.2,thstrm_amount,frmtrm_q_amount,CFS,fnlttSinglAcntAll,영업외손익,dart_NonOperatingProfitLoss,ok,3개월 기준 YoY 계산 성공,성장지속,10,5,현금창출양호,1.09,default,-1,100.7,94.7
170900,동아에스티,,35600,23.2,0.0,-15.8,-36.9,0.0,-11.0,-17.3,-23.0,-12.2,-17.3,-23.5,0.96,56460,35600,0,False,False,False,20649,21197,7.3,7.8,8.6,0.97,0,False,False,False,False,-,78.4,-6.3,1.6,-16.7,-6.6,True,8,강세,-6,0,-3,-3,67.0,17.6,1527.78,1.48,5.02,-170020.0,-170020.0,-170020.0,10,10,1.0,86.4,80.4,170900,00956930,0,0,0,0,,,,,,,,,,,안전,2025,6.2,-250.0,102.5,CFS,영업이익(손실),dart_OperatingIncomeLoss,277.8,-117.9,영업활동으로 인한 현금흐름,ifrs-full_CashFlowsFromUsedInOperatingActivities,ok,연간 영업이익 YoY 계산 성공,ok,OCF 추출 성공,2026 Q1,3개월,77.6,-48.1,261.3,thstrm_amount,frmtrm_q_amount,CFS,fnlttSinglAcntAll,영업이익(손실),dart_OperatingIncomeLoss,ok,3개월 기준 YoY 계산 성공,성장지속,10,5,현금창출양호,44.81,default,-1,100.4,94.4
267260,HD현대일렉트릭,,889000,23.6,11.6,5.3,-37.8,142.6,-15.6,-36.0,-9.7,-21.5,-18.8,4.0,0.86,1430000,366500,0,False,False,False,205104,192270,1468.2,2030.0,2191.7,1.07,0,False,False,False,False,-,82.6,-465.5,-326.1,-3428.7,-801.9,True,0,강세,-6,0,-3,-3,67.0,17.6,1527.78,1.48,5.02,-170020.0,-170020.0,-170020.0,10,10,1.0,82.6,76.6,267260,01205851,0,0,0,0,,,,,,,,,,,안전,2025,9953.1,6689.7,48.8,CFS,영업이익,dart_OperatingIncomeLoss,9595.7,10337.2,영업활동현금흐름,ifrs-full_CashFlowsFromUsedInOperatingActivities,ok,연간 영업이익 YoY 계산 성공,ok,OCF 추출 성공,2026 Q1,3개월,2582.7,2181.8,18.4,thstrm_amount,frmtrm_q_amount,CFS,fnlttSinglAcntAll,영업이익,dart_OperatingIncomeLoss,ok,3개월 기준 YoY 계산 성공,성장지속,10,5,현금창출양호,0.96,default,2,99.6,93.6
010130,고려아연,,1149000,25.1,5.0,-13.3,-47.5,60.0,-16.3,-34.2,-34.7,-17.9,-24.1,-14.3,0.97,2188000,718000,0,False,False,False,22263,30799,287.8,286.1,443.8,0.72,0,False,False,False,False,-,89.0,233.9,-216.6,-52.0,-793.2,True,8,강세,-6,0,-3,-3,67.0,17.6,1527.78,1.48,5.02,-170020.0,-170020.0,-170020.0,10,10,1.0,97.0,91.0,10130,00102858,0,9,0,0,,[20260219] [기재정정]주요사항보고서(유상증자결정) (20260219002746) || [20260219] [기재정정]주요사항보고서(유상증자결정) (20260219002382) || [20251231] [기재정정]주요사항보고서(유상증자결정) (20251231000232),,,,https://dart.fss.or.kr/dsaf001/main.do?rcpNo=20260219002746 || https://dart.fss.or.kr/dsaf001/main.do?rcpNo=20260219002382 || https://dart.fss.or.kr/dsaf001/main.do?rcpNo=20251231000232,,,,20260219002746 || 20260219002382 || 20251231000232,주의,2025,12319.3,7234.7,70.3,CFS,Ⅴ.영업이익,dart_OperatingIncomeLoss,-6282.1,5158.1,Ⅰ. 영업활동으로인한현금흐름,ifrs-full_CashFlowsFromUsedInOperatingActivities,ok,연간 영업이익 YoY 계산 성공,ok,OCF 추출 성공,2026 Q1,3개월,7460.5,2711.1,175.2,thstrm_amount,frmtrm_q_amount,CFS,fnlttSinglAcntAll,영업이익,dart_OperatingIncomeLoss,ok,3개월 기준 YoY 계산 성공,성장지속,10,-10,밸류트랩의심,-0.51,default,2,99.0,93.0
004020,현대제철,,33300,25.2,4.3,-4.0,-33.9,38.2,-17.1,-20.5,-7.0,-17.9,-15.8,-4.2,0.57,50400,24100,0,False,False,False,854573,1384919,266.0,316.6,575.2,0.62,0,False,False,False,False,-,78.8,104.2,-98.4,76.0,215.4,True,8,강세,-6,0,-3,-3,67.0,17.6,1527.78,1.48,5.02,-170020.0,-170020.0,-170020.0,10,10,1.0,86.8,80.8,4020,00145880,0,2,0,0,,[20260126] 유상증자결정(종속회사의주요경영사항)               (20260126801147) || [20260126] 유상증자결정(종속회사의주요경영사항)               (20260126801132),,,,https://dart.fss.or.kr/dsaf001/main.do?rcpNo=20260126801147 || https://dart.fss.or.kr/dsaf001/main.do?rcpNo=20260126801132,,,,20260126801147 || 20260126801132,주의,2025,2192.4,1594.9,37.5,CFS,영업이익,dart_OperatingIncomeLoss,20532.6,17771.4,영업활동으로 인한 현금흐름,ifrs-full_CashFlowsFromUsedInOperatingActivities,ok,연간 영업이익 YoY 계산 성공,ok,OCF 추출 성공,2026 Q1,3개월,156.9,-190.3,182.5,thstrm_amount,frmtrm_q_amount,CFS,fnlttSinglAcntAll,영업이익(손실),dart_OperatingIncomeLoss,ok,3개월 기준 YoY 계산 성공,성장지속,10,5,현금창출양호,9.37,default,-3,98.8,92.8
001230,동국제강,,1701,7.9,11.8,5.7,-36.2,11.1,-17.0,-33.2,-17.3,-26.8,-28.5,-10.5,0.91,2667,1531,15,True,True,True,2113713,753965,12.2,37.1,14.0,2.8,0,False,False,False,False,-,81.8,-21.3,12.0,-37.3,8.5,True,8,강세,-6,0,-3,-3,67.0,17.6,1527.78,1.48,5.02,-170020.0,-170020.0,-170020.0,10,10,1.0,104.8,98.8,1230,00114792,0,2,1,0,,[20260211] 주요사항보고서(감자결정) (20260211001031) || [20260211] 주요사항보고서(감자결정) (20260211001000),[20260211] 매매거래정지및정지해제(중요내용공시)               (20260211801477),,,https://dart.fss.or.kr/dsaf001/main.do?rcpNo=20260211001031 || https://dart.fss.or.kr/dsaf001/main.do?rcpNo=20260211001000,https://dart.fss.or.kr/dsaf001/main.do?rcpNo=20260211801477,,,20260211001031 || 20260211001000,주의,2025,394.6,580.0,-32.0,CFS,영업이익,dart_OperatingIncomeLoss,546.7,852.4,영업활동으로 인한 현금흐름,ifrs-full_CashFlowsFromUsedInOperatingActivities,ok,연간 영업이익 YoY 계산 성공,ok,OCF 추출 성공,2026 Q1,3개월,62.2,149.6,-58.4,thstrm_amount,frmtrm_q_amount,CFS,fnlttSinglAcntAll,영업이익,dart_OperatingIncomeLoss,ok,3개월 기준 YoY 계산 성공,하락지속,-10,5,현금창출양호,1.39,default,-1,98.8,92.8
010120,LS ELECTRIC,,208000,36.9,11.1,-0.1,-37.9,334.2,-13.9,-34.1,48.4,-20.5,-7.3,64.1,0.54,335000,47900,0,False,False,False,1079912,1328350,1435.5,2657.2,3569.4,0.81,0,False,False,False,False,-,74.5,738.0,-155.1,-2033.7,-2633.2,True,8,강세,-6,0,-3,-3,67.0,17.6,1527.78,1.48,5.02,-170020.0,-170020.0,-170020.0,10,10,1.0,82.5,76.5,10120,00105855,0,0,0,0,,,,,,,,,,,안전,2025,4264.1,3897.2,9.4,CFS,영업이익,dart_OperatingIncomeLoss,2999.5,2301.5,영업활동으로 인한 현금흐름,ifrs-full_CashFlowsFromUsedInOperatingActivities,ok,연간 영업이익 YoY 계산 성공,ok,OCF 추출 성공,2026 Q1,3개월,1265.7,873.1,45.0,thstrm_amount,frmtrm_q_amount,CFS,fnlttSinglAcntAll,영업이익,dart_OperatingIncomeLoss,ok,3개월 기준 YoY 계산 성공,성장지속,10,5,현금창출양호,0.7,default,0,97.5,91.5
259960,크래프톤,,244500,30.3,13.3,10.2,-37.5,17.3,-5.0,-13.9,11.1,-8.2,-6.0,-8.7,0.76,391000,208500,0,False,False,False,168538,186011,338.1,424.5,497.0,0.91,0,False,False,False,False,-,71.6,-137.1,-103.7,887.6,-884.8,True,0,강세,-6,0,-3,-3,67.0,17.6,1527.78,1.48,5.02,-170020.0,-170020.0,-170020.0,10,10,1.0,71.6,65.6,259960,00760971,0,0,0,0,,,,,,,,,,,안전,2025,10543.8,11824.9,-10.8,CFS,영업이익,dart_OperatingIncomeLoss,10451.0,9079.3,영업활동으로 인한 현금흐름,ifrs-full_CashFlowsFromUsedInOperatingActivities,ok,연간 영업이익 YoY 계산 성공,ok,OCF 추출 성공,2026 Q1,3개월,5615.6,4572.8,22.8,thstrm_amount,frmtrm_q_amount,CFS,fnlttSinglAcntAll,영업이익,dart_OperatingIncomeLoss,ok,3개월 기준 YoY 계산 성공,턴어라운드,20,5,현금창출양호,0.99,default,0,96.6,90.6
241560,두산밥캣,,61100,34.2,8.0,-2.8,-23.3,35.3,-5.6,-15.8,6.8,-10.2,-10.2,0.2,0.88,79700,45150,0,False,False,False,328874,309620,162.5,215.6,211.8,1.06,0,False,False,False,False,-,65.9,37.2,-88.2,243.2,-206.9,True,8,강세,-6,0,-3,-3,67.0,17.6,1527.78,1.48,5.02,-170020.0,-170020.0,-170020.0,10,10,1.0,73.9,67.9,241560,01032486,0,0,0,0,,,,,,,,,,,안전,2025,-0.8,-0.5,-44.4,CFS,영업외손익,dart_NonOperatingProfitLoss,8.2,5.3,영업활동으로 인한 현금흐름,ifrs-full_CashFlowsFromUsedInOperatingActivities,ok,연간 영업이익 YoY 계산 성공,ok,OCF 추출 성공,2026 Q1,3개월,-0.2,-0.2,23.5,thstrm_amount,frmtrm_q_amount,CFS,fnlttSinglAcntAll,영업외손익,dart_NonOperatingProfitLoss,ok,3개월 기준 YoY 계산 성공,턴어라운드,20,0,회계손실현금유입,,default,2,95.9,89.9
079550,LIG넥스원,,696000,32.4,12.9,-1.0,-37.7,93.3,-13.1,-28.9,-8.8,-16.2,-18.6,19.0,0.77,1118000,360000,0,False,False,False,212080,270746,1316.1,1559.7,2271.0,0.78,0,False,False,False,False,-,80.2,748.3,124.5,1432.6,1218.4,True,15,강세,-6,0,-3,-3,67.0,17.6,1527.78,1.48,5.02,-170020.0,-170020.0,-170020.0,10,10,1.0,95.2,89.2,79550,00503668,0,0,0,0,,,,,,,,,,,안전,2025,3194.4,2233.9,43.0,CFS,영업이익(손실),dart_OperatingIncomeLoss,-5843.1,9519.5,영업활동현금흐름,ifrs-full_CashFlowsFromUsedInOperatingActivities,ok,연간 영업이익 YoY 계산 성공,ok,OCF 추출 성공,2026 Q1,3개월,1711.0,1095.9,56.1,thstrm_amount,frmtrm_q_amount,CFS,fnlttSinglAcntAll,영업이익(손실),dart_OperatingIncomeLoss,ok,3개월 기준 YoY 계산 성공,성장지속,10,-10,밸류트랩의심,-1.83,default,0,95.2,89.2
272210,한화시스템,,86500,31.5,5.0,-10.4,-53.0,108.2,-17.6,-29.2,-42.6,-18.0,-27.2,2.3,0.72,184000,41550,0,False,False,False,769473,854148,534.6,739.4,911.6,0.9,0,False,False,False,False,-,87.3,678.1,-364.1,1399.1,-213.2,True,8,강세,-6,0,-3,-3,67.0,17.6,1527.78,1.48,5.02,-170020.0,-170020.0,-170020.0,10,10,1.0,95.3,89.3,272210,00339391,0,7,0,0,,[20251223] [기재정정]유상증자결정(종속회사의주요경영사항)               (20251223800565) || [20251223] [기재정정]유상증자결정(종속회사의주요경영사항)               (20251223800004) || [20251222] [기재정정]유상증자결정(종속회사의주요경영사항)               (20251222800284),,,,https://dart.fss.or.kr/dsaf001/main.do?rcpNo=20251223800565 || https://dart.fss.or.kr/dsaf001/main.do?rcpNo=20251223800004 || https://dart.fss.or.kr/dsaf001/main.do?rcpNo=20251222800284,,,,20251223800565 || 20251223800004 || 20251222800284,주의,2025,1199.0,2193.5,-45.3,CFS,영업이익(손실),dart_OperatingIncomeLoss,787.4,1326.2,영업활동현금흐름,ifrs-full_CashFlowsFromUsedInOperatingActivities,ok,연간 영업이익 YoY 계산 성공,ok,OCF 추출 성공,2026 Q1,3개월,342.8,336.3,1.9,thstrm_amount,frmtrm_q_amount,CFS,fnlttSinglAcntAll,영업이익(손실),dart_OperatingIncomeLoss,ok,3개월 기준 YoY 계산 성공,관망,0,2,현금창출보통,0.66,default,-3,94.3,88.3
047810,한국항공우주,,125000,22.9,6.2,-21.1,-42.0,52.0,-25.7,-29.2,-30.2,-21.9,-28.0,-9.6,1.14,215500,82250,0,False,False,False,716644,662276,934.0,1026.9,1063.3,1.08,0,False,False,False,False,-,87.1,592.6,-256.8,-781.7,1520.6,True,8,강세,-6,0,-3,-3,67.0,17.6,1527.78,1.48,5.02,-170020.0,-170020.0,-170020.0,10,10,1.0,95.1,89.1,47810,00309503,0,2,0,0,,[20260304] 유상증자또는주식관련사채등의발행결과(자율공시)               (20260304801410) || [20260205] 주요사항보고서(전환사채권발행결정) (20260205000384),,,,https://dart.fss.or.kr/dsaf001/main.do?rcpNo=20260304801410 || https://dart.fss.or.kr/dsaf001/main.do?rcpNo=20260205000384,,,,20260304801410 || 20260205000384,주의,2025,2691.9,2407.2,11.8,CFS,영업이익(손실),dart_OperatingIncomeLoss,-9033.2,-7281.8,영업활동현금흐름,ifrs-full_CashFlowsFromUsedInOperatingActivities,ok,연간 영업이익 YoY 계산 성공,ok,OCF 추출 성공,2026 Q1,3개월,671.4,468.1,43.4,thstrm_amount,frmtrm_q_amount,CFS,fnlttSinglAcntAll,영업이익(손실),dart_OperatingIncomeLoss,ok,3개월 기준 YoY 계산 성공,성장지속,10,-10,밸류트랩의심,-3.36,default,-1,94.1,88.1
015760,한국전력,,36000,40.7,10.2,5.9,-48.2,34.8,-7.5,-20.1,-25.3,-8.6,-14.7,-21.9,0.94,69500,26700,0,False,False,False,2141931,2502894,831.2,810.1,992.0,0.86,0,False,False,False,False,-,65.9,273.7,-193.6,-1295.4,-852.4,True,8,강세,-6,0,-3,-3,67.0,17.6,1527.78,1.48,5.02,-170020.0,-170020.0,-170020.0,10,10,1.0,73.9,67.9,15760,00159193,0,0,0,0,,,,,,,,,,,안전,2025,134905.6,83647.1,61.3,CFS,영업이익(손실),dart_OperatingIncomeLoss,208801.5,158761.2,영업활동으로 인한 현금흐름,ifrs-full_CashFlowsFromUsedInOperatingActivities,ok,연간 영업이익 YoY 계산 성공,ok,OCF 추출 성공,2026 Q1,3개월,37841.7,37536.1,0.8,thstrm_amount,frmtrm_q_amount,CFS,fnlttSinglAcntAll,영업이익(손실),dart_OperatingIncomeLoss,ok,3개월 기준 YoY 계산 성공,성장지속,10,5,현금창출양호,1.55,default,2,90.9,84.9
251270,넷마블,,40050,39.3,5.4,-7.3,-42.0,0.8,-5.8,-17.3,-17.4,-5.8,-15.1,-24.5,0.63,69000,39750,0,False,False,False,246247,286196,72.2,106.5,122.8,0.86,0,False,False,False,False,-,66.5,-52.6,86.3,-257.8,63.2,True,8,강세,-6,0,-3,-3,67.0,17.6,1527.78,1.48,5.02,-170020.0,-170020.0,-170020.0,10,10,1.0,74.5,68.5,251270,00904672,0,3,0,0,,[20260325] 특수관계인의유상증자참여 (20260325001161) || [20260205] 주요사항보고서(감자결정) (20260205000371) || [20251119] 유상증자또는주식관련사채등의발행결과(자율공시)               (20251119800298),,,,https://dart.fss.or.kr/dsaf001/main.do?rcpNo=20260325001161 || https://dart.fss.or.kr/dsaf001/main.do?rcpNo=20260205000371 || https://dart.fss.or.kr/dsaf001/main.do?rcpNo=20251119800298,,,,20260325001161 || 20260205000371 || 20251119800298,주의,2025,3524.8,2156.3,63.5,CFS,Ⅲ.영업손익,dart_OperatingIncomeLoss,3377.9,2877.1,Ⅰ.영업활동현금흐름,ifrs-full_CashFlowsFromUsedInOperatingActivities,ok,연간 영업이익 YoY 계산 성공,ok,OCF 추출 성공,2026 Q1,3개월,530.5,497.1,6.7,thstrm_amount,frmtrm_q_amount,CFS,fnlttSinglAcntAll,Ⅲ.영업손익,dart_OperatingIncomeLoss,ok,3개월 기준 YoY 계산 성공,성장지속,10,5,현금창출양호,0.96,default,0,89.5,83.5
006400,삼성SDI,,503000,35.8,1.7,-17.2,-30.4,215.6,-26.9,-27.9,28.2,-19.4,-11.8,37.6,0.75,723000,159400,0,False,False,False,701690,819541,3143.5,4153.7,5205.8,0.86,0,False,False,False,False,-,72.4,-570.3,-1334.1,4843.5,-2568.3,True,0,강세,-6,0,-3,-3,67.0,17.6,1527.78,1.48,5.02,-170020.0,-170020.0,-170020.0,10,10,1.0,72.4,66.4,6400,00126362,0,0,0,0,,,,,,,,,,,안전,2025,-17223.6,3633.0,-574.1,CFS,영업손익,dart_OperatingIncomeLoss,7923.9,-1376.1,영업활동현금흐름,ifrs-full_CashFlowsFromUsedInOperatingActivities,ok,연간 영업이익 YoY 계산 성공,ok,OCF 추출 성공,2026 Q1,3개월,-1555.8,-4340.7,64.2,thstrm_amount,frmtrm_q_amount,CFS,fnlttSinglAcntAll,영업손실,dart_OperatingIncomeLoss,ok,3개월 기준 YoY 계산 성공,턴어라운드,20,0,회계손실현금유입,,default,-3,89.4,83.4
086280,현대글로비스,,192000,30.5,5.2,1.4,-35.1,78.9,-20.8,-12.7,-22.1,-18.1,-15.6,-6.6,0.52,296000,107300,0,False,False,False,383440,598315,615.5,831.2,1455.1,0.64,0,False,False,False,False,-,74.1,-111.6,-570.9,-3244.2,1178.9,True,0,강세,-6,0,-3,-3,67.0,17.6,1527.78,1.48,5.02,-170020.0,-170020.0,-170020.0,10,10,1.0,74.1,68.1,86280,00360595,0,0,0,0,,,,,,,,,,,안전,2025,20730.1,17528.7,18.3,CFS,영업이익,dart_OperatingIncomeLoss,25007.6,21224.1,영업활동으로 인한 현금흐름,ifrs-full_CashFlowsFromUsedInOperatingActivities,ok,연간 영업이익 YoY 계산 성공,ok,OCF 추출 성공,2026 Q1,3개월,5214.5,5018.8,3.9,thstrm_amount,frmtrm_q_amount,CFS,fnlttSinglAcntAll,영업이익,dart_OperatingIncomeLoss,ok,3개월 기준 YoY 계산 성공,성장지속,10,5,현금창출양호,1.21,default,-3,86.1,80.1
009540,HD한국조선해양,,358500,32.6,5.1,1.7,-27.5,26.2,-15.2,-20.8,-11.9,-14.4,-13.6,-14.1,0.85,494500,284000,0,False,False,False,291656,288460,882.2,1110.4,1214.5,1.01,0,False,False,False,False,-,71.8,-56.2,-354.6,322.5,-516.7,True,0,강세,-6,0,-3,-3,67.0,17.6,1527.78,1.48,5.02,-170020.0,-170020.0,-170020.0,10,10,1.0,71.8,65.8,9540,00164830,0,2,0,0,,[20260504] 유상증자또는주식관련사채등의발행결과(자율공시)               (20260504800387) || [20250926] 유상증자결정(종속회사의주요경영사항)               (20250926800434),,,,https://dart.fss.or.kr/dsaf001/main.do?rcpNo=20260504800387 || https://dart.fss.or.kr/dsaf001/main.do?rcpNo=20250926800434,,,,20260504800387 || 20250926800434,주의,2025,39044.9,14340.9,172.3,CFS,영업이익,dart_OperatingIncomeLoss,44220.5,42886.6,영업활동으로 인한 순현금흐름,ifrs-full_CashFlowsFromUsedInOperatingActivities,ok,연간 영업이익 YoY 계산 성공,ok,OCF 추출 성공,2026 Q1,3개월,13559.7,8591.5,57.8,thstrm_amount,frmtrm_q_amount,CFS,fnlttSinglAcntAll,영업이익,dart_OperatingIncomeLoss,ok,3개월 기준 YoY 계산 성공,성장지속,10,5,현금창출양호,1.13,default,-1,85.8,79.8
001040,CJ,,168300,31.0,15.9,29.4,-28.4,35.8,4.1,-21.9,-8.5,-9.0,-15.1,-9.7,0.99,235000,123900,10,False,True,True,248376,223907,383.8,445.9,410.1,1.11,3,False,False,True,False,+3%반등,62.6,-280.5,299.1,159.2,-680.6,True,8,강세,-6,0,-3,-3,67.0,17.6,1527.78,1.48,5.02,-170020.0,-170020.0,-170020.0,10,10,1.0,83.6,77.6,1040,00148540,0,2,0,0,,[20260604] [기재정정]주요사항보고서(자기전환사채만기전취득결정)(자회사의 주요경영사항)               (20260604800628) || [20260422] 주요사항보고서(자기전환사채만기전취득결정)(자회사의 주요경영사항)               (20260422800817),,,,https://dart.fss.or.kr/dsaf001/main.do?rcpNo=20260604800628 || https://dart.fss.or.kr/dsaf001/main.do?rcpNo=20260422800817,,,,20260604800628 || 20260422800817,주의,2025,25277.4,25322.5,-0.2,CFS,영업이익,dart_OperatingIncomeLoss,49873.8,48308.3,영업활동 현금흐름,ifrs-full_CashFlowsFromUsedInOperatingActivities,ok,연간 영업이익 YoY 계산 성공,ok,OCF 추출 성공,2026 Q1,3개월,4606.8,5309.7,-13.2,thstrm_amount,frmtrm_q_amount,CFS,fnlttSinglAcntAll,영업이익,dart_OperatingIncomeLoss,ok,3개월 기준 YoY 계산 성공,하락지속,-10,5,현금창출양호,1.97,default,7,85.6,79.6
036460,한국가스공사,,33800,24.2,10.6,5.8,-31.5,1.7,-4.8,-10.7,-8.9,-7.2,-7.6,-14.0,0.8,49350,33250,0,False,False,False,255063,291491,77.3,87.4,107.0,0.88,0,False,False,False,False,-,70.5,1.3,-36.8,231.3,-107.0,True,8,강세,-6,0,-3,-3,67.0,17.6,1527.78,1.48,5.02,-170020.0,-170020.0,-170020.0,10,10,1.0,78.5,72.5,36460,00261285,0,0,0,0,,,,,,,,,,,안전,2025,21011.5,30033.6,-30.0,CFS,영업이익,dart_OperatingIncomeLoss,65393.2,36297.6,영업활동으로 인한 현금흐름,ifrs-full_CashFlowsFromUsedInOperatingActivities,ok,연간 영업이익 YoY 계산 성공,ok,OCF 추출 성공,2026 Q1,3개월,9100.0,8339.4,9.1,thstrm_amount,frmtrm_q_amount,CFS,fnlttSinglAcntAll,영업이익,dart_OperatingIncomeLoss,ok,3개월 기준 YoY 계산 성공,관망,0,5,현금창출양호,3.11,default,2,85.5,79.5
011170,롯데케미칼,,73500,28.2,11.7,15.6,-38.5,30.6,-8.9,-27.1,0.7,-12.7,-16.8,-4.2,0.54,119500,56300,0,False,False,False,154177,257196,102.6,120.0,225.1,0.6,0,False,False,False,False,-,77.3,119.0,-90.7,263.9,-887.9,True,8,강세,-6,0,-3,-3,67.0,17.6,1527.78,1.48,5.02,-170020.0,-170020.0,-170020.0,10,10,1.0,85.3,79.3,11170,00165413,0,0,0,0,,,,,,,,,,,안전,2025,-9431.2,-9145.4,-3.1,CFS,영업손실,dart_OperatingIncomeLoss,4889.3,15423.9,영업활동으로 인한 현금흐름,ifrs-full_CashFlowsFromUsedInOperatingActivities,ok,연간 영업이익 YoY 계산 성공,ok,OCF 추출 성공,2026 Q1,3개월,734.8,-1266.0,158.0,thstrm_amount,frmtrm_q_amount,CFS,fnlttSinglAcntAll,영업손익,dart_OperatingIncomeLoss,ok,3개월 기준 YoY 계산 성공,관망,0,0,회계손실현금유입,,default,0,85.3,79.3
005490,POSCO홀딩스,,359000,20.3,2.7,0.7,-33.8,56.1,-15.2,-29.1,3.6,-18.7,-12.9,5.0,0.71,542000,230000,0,False,False,False,489905,593948,1476.6,1931.8,2682.1,0.82,-30,True,False,False,False,⚠️떨어지는칼날,82.8,1131.9,-1154.3,1736.5,-2746.1,True,8,강세,-6,0,-3,-3,67.0,17.6,1527.78,1.48,5.02,-170020.0,-170020.0,-170020.0,10,10,1.0,60.8,54.8,5490,00155319,0,0,0,0,,,,,,,,,,,안전,2025,18270.6,21735.7,-15.9,CFS,영업이익,dart_OperatingIncomeLoss,45719.1,66636.5,영업활동으로 인한 현금흐름,ifrs-full_CashFlowsFromUsedInOperatingActivities,ok,연간 영업이익 YoY 계산 성공,ok,OCF 추출 성공,2026 Q1,3개월,7068.3,5684.4,24.3,thstrm_amount,frmtrm_q_amount,CFS,fnlttSinglAcntAll,영업이익,dart_OperatingIncomeLoss,ok,3개월 기준 YoY 계산 성공,턴어라운드,20,5,현금창출양호,2.5,default,-3,82.8,76.8
267250,HD현대,,248000,39.3,8.5,-12.1,-25.5,194.2,-10.6,-13.1,-9.8,-10.7,-7.9,12.9,0.69,333000,84300,5,False,False,True,183619,215046,373.5,500.9,600.8,0.85,0,False,False,False,False,-,57.8,395.1,-52.4,795.1,-435.2,True,8,강세,-6,0,-3,-3,67.0,17.6,1527.78,1.48,5.02,-170020.0,-170020.0,-170020.0,10,10,1.0,70.8,64.8,267250,01205709,0,1,0,0,,[20250926] 유상증자결정(종속회사의주요경영사항)               (20250926800459),,,,https://dart.fss.or.kr/dsaf001/main.do?rcpNo=20250926800459,,,,20250926800459,주의,2025,60996.4,29831.6,104.5,CFS,영업이익(손실),dart_OperatingIncomeLoss,73848.8,75114.9,영업활동현금흐름,ifrs-full_CashFlowsFromUsedInOperatingActivities,ok,연간 영업이익 YoY 계산 성공,ok,OCF 추출 성공,2026 Q1,3개월,28347.6,12864.0,120.4,thstrm_amount,frmtrm_q_amount,CFS,fnlttSinglAcntAll,영업이익(손실),dart_OperatingIncomeLoss,ok,3개월 기준 YoY 계산 성공,성장지속,10,5,현금창출양호,1.21,default,-3,82.8,76.8
006260,LS,,371000,37.5,4.9,-8.5,-38.6,155.9,-16.8,-30.1,48.7,-24.4,-7.3,46.2,0.49,604000,145000,5,False,False,True,240796,300160,546.1,1037.4,1487.5,0.8,0,False,False,False,False,-,74.2,780.7,-572.7,1228.9,-1380.6,True,8,강세,-6,0,-3,-3,67.0,17.6,1527.78,1.48,5.02,-170020.0,-170020.0,-170020.0,10,10,1.0,87.2,81.2,6260,00105952,0,2,0,0,,[20260310] 유상증자결정(자회사의 주요경영사항)               (20260310801881) || [20251030] 유상증자결정(자회사의 주요경영사항)               (20251030800758),,,,https://dart.fss.or.kr/dsaf001/main.do?rcpNo=20260310801881 || https://dart.fss.or.kr/dsaf001/main.do?rcpNo=20251030800758,,,,20260310801881 || 20251030800758,주의,2025,10525.5,10729.4,-1.9,CFS,영업이익(손실),dart_OperatingIncomeLoss,2063.3,8580.7,영업활동으로 인한 현금흐름,ifrs-full_CashFlowsFromUsedInOperatingActivities,ok,연간 영업이익 YoY 계산 성공,ok,OCF 추출 성공,2026 Q1,3개월,4760.9,3045.1,56.3,thstrm_amount,frmtrm_q_amount,CFS,fnlttSinglAcntAll,영업이익(손실),dart_OperatingIncomeLoss,ok,3개월 기준 YoY 계산 성공,관망,0,-3,현금창출약함,0.2,default,-3,81.2,75.2
068270,셀트리온,,159400,33.7,2.6,-21.5,-33.4,15.4,-13.3,-14.1,-20.9,-11.4,-14.9,-13.2,0.98,239244,138082,0,False,False,False,717870,794070,1213.8,1249.9,1439.2,0.9,0,False,False,False,False,-,69.9,-236.4,-289.9,775.4,-468.1,True,0,강세,-6,0,-3,-3,67.0,17.6,1527.78,1.48,5.02,-170020.0,-170020.0,-170020.0,10,10,1.0,69.9,63.900000000000006,68270,00413046,0,2,0,0,,[20260511] [기재정정]유상증자결정(종속회사의주요경영사항)               (20260511800663) || [20251211] 유상증자결정(종속회사의주요경영사항)               (20251211800060),,,,https://dart.fss.or.kr/dsaf001/main.do?rcpNo=20260511800663 || https://dart.fss.or.kr/dsaf001/main.do?rcpNo=20251211800060,,,,20260511800663 || 20251211800060,주의,2025,11684.7,4920.2,137.5,CFS,영업이익,dart_OperatingIncomeLoss,6460.5,9018.7,영업활동으로 인한 현금흐름,ifrs-full_CashFlowsFromUsedInOperatingActivities,ok,연간 영업이익 YoY 계산 성공,ok,OCF 추출 성공,2026 Q1,3개월,3218.7,1494.2,115.4,thstrm_amount,frmtrm_q_amount,CFS,fnlttSinglAcntAll,영업이익,dart_OperatingIncomeLoss,ok,3개월 기준 YoY 계산 성공,성장지속,10,2,현금창출보통,0.55,default,-1,80.9,74.9
097950,CJ제일제당,,196000,9.9,9.2,12.4,-27.4,5.3,-3.0,-14.8,-0.6,-7.5,-12.4,-11.5,0.94,270000,186100,5,False,False,True,77640,73359,136.2,155.7,156.2,1.06,0,False,False,False,False,-,68.4,79.8,-159.2,-49.9,-379.8,True,8,강세,-6,0,-3,-3,67.0,17.6,1527.78,1.48,5.02,-170020.0,-170020.0,-170020.0,10,10,1.0,81.4,75.4,97950,00635134,0,0,0,0,,,,,,,,,,,안전,2025,12336.0,14520.7,-15.0,CFS,영업이익(손실),dart_OperatingIncomeLoss,24816.1,22552.5,영업활동현금흐름,ifrs-full_CashFlowsFromUsedInOperatingActivities,ok,연간 영업이익 YoY 계산 성공,ok,OCF 추출 성공,2026 Q1,3개월,2381.3,2876.3,-17.2,thstrm_amount,frmtrm_q_amount,CFS,fnlttSinglAcntAll,영업이익(손실),dart_OperatingIncomeLoss,ok,3개월 기준 YoY 계산 성공,하락지속,-10,5,현금창출양호,2.01,default,4,80.4,74.4
010140,삼성중공업,,26100,35.5,6.7,6.7,-26.2,81.6,-6.6,-18.1,-4.0,-10.8,-10.9,-0.8,0.56,35350,14370,0,False,False,False,7256418,7417724,1068.1,2009.3,2225.2,0.98,0,False,False,False,False,-,63.6,-1416.9,-115.4,-6597.9,-1433.2,True,0,강세,-6,0,-3,-3,67.0,17.6,1527.78,1.48,5.02,-170020.0,-170020.0,-170020.0,10,10,1.0,63.6,57.6,10140,00126478,0,0,0,0,,,,,,,,,,,안전,2025,8622.1,5027.0,71.5,CFS,영업이익,dart_OperatingIncomeLoss,15628.5,6545.2,영업활동현금흐름,ifrs-full_CashFlowsFromUsedInOperatingActivities,ok,연간 영업이익 YoY 계산 성공,ok,OCF 추출 성공,2026 Q1,3개월,2731.2,1230.8,121.9,thstrm_amount,frmtrm_q_amount,CFS,fnlttSinglAcntAll,영업이익,dart_OperatingIncomeLoss,ok,3개월 기준 YoY 계산 성공,성장지속,10,5,현금창출양호,1.81,default,0,78.6,72.6
042660,한화오션,,103100,38.8,4.7,-2.2,-33.4,44.2,-16.4,-20.8,-15.6,-14.1,-17.2,-16.3,0.67,154800,71500,0,False,False,False,1473050,1865965,1299.6,1700.2,2299.2,0.79,0,False,False,False,False,-,65.6,-1380.0,-197.2,-1796.7,58.4,True,0,강세,-6,0,-3,-3,67.0,17.6,1527.78,1.48,5.02,-170020.0,-170020.0,-170020.0,10,10,1.0,65.6,59.6,42660,00111704,0,9,0,0,,[20260319] 유상증자결정(종속회사의주요경영사항)               (20260319801759) || [20260319] 유상증자결정(종속회사의주요경영사항)               (20260319801739) || [20260304] [기재정정]유상증자결정(종속회사의주요경영사항)               (20260304801301),,,,https://dart.fss.or.kr/dsaf001/main.do?rcpNo=20260319801759 || https://dart.fss.or.kr/dsaf001/main.do?rcpNo=20260319801739 || https://dart.fss.or.kr/dsaf001/main.do?rcpNo=20260304801301,,,,20260319801759 || 20260319801739 || 20260304801301,주의,2025,11675.9,2378.8,390.8,CFS,영업이익(손실),dart_OperatingIncomeLoss,13146.7,-29045.7,영업활동으로 인한 현금흐름,ifrs-full_CashFlowsFromUsedInOperatingActivities,ok,연간 영업이익 YoY 계산 성공,ok,OCF 추출 성공,2026 Q1,3개월,4410.7,2586.1,70.6,thstrm_amount,frmtrm_q_amount,CFS,fnlttSinglAcntAll,영업이익(손실),dart_OperatingIncomeLoss,ok,3개월 기준 YoY 계산 성공,성장지속,10,5,현금창출양호,1.13,default,-3,77.6,71.6
011790,SKC,,128000,48.0,12.7,15.0,-30.6,56.5,-8.1,-20.6,37.3,-10.1,5.2,20.9,0.61,184400,81774,10,True,False,True,1669084,1157294,845.7,2519.0,1744.8,1.44,0,False,False,False,False,-,43.9,512.4,-1098.3,218.5,-2679.4,True,8,강세,-6,0,-3,-3,67.0,17.6,1527.78,1.48,5.02,-170020.0,-170020.0,-170020.0,10,10,1.0,61.9,55.9,11790,00139889,0,11,0,0,,[20260522] 유상증자또는주식관련사채등의발행결과(자율공시)               (20260522800375) || [20260521] 유상증자또는주식관련사채등의청약결과(자율공시)               (20260521800506) || [20260518] 유상증자또는주식관련사채등의청약결과(자율공시)               (20260518800398),,,,https://dart.fss.or.kr/dsaf001/main.do?rcpNo=20260522800375 || https://dart.fss.or.kr/dsaf001/main.do?rcpNo=20260521800506 || https://dart.fss.or.kr/dsaf001/main.do?rcpNo=20260518800398,,,,20260522800375 || 20260521800506 || 20260518800398,주의,2025,-3050.3,-2757.6,-10.6,CFS,영업손실,dart_OperatingIncomeLoss,-5675.8,-1997.1,영업활동으로 인한 현금흐름,ifrs-full_CashFlowsFromUsedInOperatingActivities,ok,연간 영업이익 YoY 계산 성공,ok,OCF 추출 성공,2026 Q1,3개월,-287.3,-740.1,61.2,thstrm_amount,frmtrm_q_amount,CFS,fnlttSinglAcntAll,영업손실,dart_OperatingIncomeLoss,ok,3개월 기준 YoY 계산 성공,턴어라운드,20,-5,이중적자,,default,0,76.9,70.9
001680,대상,,17790,21.3,8.2,-4.3,-28.0,1.5,-7.6,-11.3,-14.7,-8.9,-11.7,-16.5,1.03,24700,17530,0,False,False,False,100373,118718,22.3,18.6,23.3,0.85,0,False,False,False,False,-,72.0,-3.1,-17.1,8.0,-40.1,True,0,강세,-6,0,-3,-3,67.0,17.6,1527.78,1.48,5.02,-170020.0,-170020.0,-170020.0,10,10,1.0,72.0,66.0,1680,00121941,0,0,0,0,,,,,,,,,,,안전,2025,1692.8,1769.4,-4.3,CFS,영업이익,dart_OperatingIncomeLoss,1881.4,1877.4,영업활동으로 인한 현금흐름,ifrs-full_CashFlowsFromUsedInOperatingActivities,ok,연간 영업이익 YoY 계산 성공,ok,OCF 추출 성공,2026 Q1,3개월,570.1,567.9,0.4,thstrm_amount,frmtrm_q_amount,CFS,fnlttSinglAcntAll,영업이익,dart_OperatingIncomeLoss,ok,3개월 기준 YoY 계산 성공,관망,0,5,현금창출양호,1.11,default,-1,76.0,70.0
008770,호텔신라,,51500,25.4,11.9,11.3,-26.7,29.7,-6.5,-19.4,20.2,-11.2,-6.2,4.6,0.91,70300,39700,5,False,False,True,385541,398754,182.3,207.4,234.7,0.97,0,False,False,False,False,-,70.4,-140.2,208.9,104.7,411.0,True,8,강세,-6,0,-3,-3,67.0,17.6,1527.78,1.48,5.02,-170020.0,-170020.0,-170020.0,10,10,1.0,83.4,77.4,8770,00165680,0,0,1,0,,,[20250918] 매매거래정지및정지해제(중요내용공시)               (20250918800404),,,,https://dart.fss.or.kr/dsaf001/main.do?rcpNo=20250918800404,,,,안전,2025,-2436.9,-418.3,-482.6,CFS,영업외손익,dart_NonOperatingProfitLoss,1036.2,687.4,영업활동현금흐름,ifrs-full_CashFlowsFromUsedInOperatingActivities,ok,연간 영업이익 YoY 계산 성공,ok,OCF 추출 성공,2026 Q1,3개월,-84.4,-18.2,-362.6,thstrm_amount,frmtrm_q_amount,CFS,fnlttSinglAcntAll,영업외손익,dart_NonOperatingProfitLoss,ok,3개월 기준 YoY 계산 성공,하락지속,-10,0,회계손실현금유입,,default,2,75.4,69.4
090430,아모레퍼시픽,,105000,20.3,13.9,3.5,-37.9,2.8,-8.8,-19.2,-19.4,-10.9,-18.0,-17.7,0.82,169000,102100,0,False,False,False,295246,298915,261.4,322.2,353.1,0.99,0,False,False,False,False,-,77.4,-103.7,-166.8,-471.1,-865.1,True,0,강세,-6,0,-3,-3,67.0,17.6,1527.78,1.48,5.02,-170020.0,-170020.0,-170020.0,10,10,1.0,77.4,71.4,90430,00583424,0,0,0,0,,,,,,,,,,,안전,2025,66.2,3024.4,-97.8,CFS,기타영업외손익,dart_NonOperatingProfitLoss,5838.4,3345.1,영업활동으로 인한 현금흐름,ifrs-full_CashFlowsFromUsedInOperatingActivities,ok,연간 영업이익 YoY 계산 성공,ok,OCF 추출 성공,2026 Q1,3개월,232.6,240.0,-3.1,thstrm_amount,frmtrm_q_amount,CFS,fnlttSinglAcntAll,기타영업외손익,dart_NonOperatingProfitLoss,ok,3개월 기준 YoY 계산 성공,하락지속,-10,5,현금창출양호,88.19,default,2,74.4,68.4
011780,금호석유,,119100,31.7,3.1,-4.8,-26.6,15.9,-10.0,-15.0,-2.4,-13.8,-11.4,-4.5,0.54,162300,102800,0,False,False,False,73629,129024,81.1,93.6,182.1,0.57,0,False,False,False,False,-,70.6,15.9,-27.2,686.3,-216.0,True,8,강세,-6,0,-3,-3,67.0,17.6,1527.78,1.48,5.02,-170020.0,-170020.0,-170020.0,10,10,1.0,78.6,72.6,11780,00106368,0,0,0,0,,,,,,,,,,,안전,2025,2718.3,2728.0,-0.4,CFS,영업이익,dart_OperatingIncomeLoss,7153.1,3223.3,영업활동으로 인한 현금흐름,ifrs-full_CashFlowsFromUsedInOperatingActivities,ok,연간 영업이익 YoY 계산 성공,ok,OCF 추출 성공,2026 Q1,3개월,594.0,1206.1,-50.7,thstrm_amount,frmtrm_q_amount,CFS,fnlttSinglAcntAll,영업이익,dart_OperatingIncomeLoss,ok,3개월 기준 YoY 계산 성공,하락지속,-10,5,현금창출양호,2.63,default,-3,70.6,64.6
051900,LG생활건강,,238000,31.5,13.5,7.7,-33.1,5.8,-3.8,-11.0,1.1,-7.3,-6.1,-12.1,0.75,355500,225000,0,False,False,False,86900,75937,132.0,215.1,196.7,1.14,0,False,False,False,False,-,67.5,-12.0,74.0,34.5,171.3,True,8,강세,-6,0,-3,-3,67.0,17.6,1527.78,1.48,5.02,-170020.0,-170020.0,-170020.0,10,10,1.0,75.5,69.5,51900,00356370,0,1,0,0,,[20260223] 주요사항보고서(감자결정) (20260223004088),,,,https://dart.fss.or.kr/dsaf001/main.do?rcpNo=20260223004088,,,,20260223004088,주의,2025,1706.9,4590.5,-62.8,CFS,영업이익,dart_OperatingIncomeLoss,4464.3,5276.3,영업활동으로 인한 현금흐름,ifrs-full_CashFlowsFromUsedInOperatingActivities,ok,연간 영업이익 YoY 계산 성공,ok,OCF 추출 성공,2026 Q1,3개월,1078.3,1423.7,-24.3,thstrm_amount,frmtrm_q_amount,CFS,fnlttSinglAcntAll,영업이익,dart_OperatingIncomeLoss,ok,3개월 기준 YoY 계산 성공,하락지속,-10,5,현금창출양호,2.62,default,0,70.5,64.5
000720,현대건설,,116500,27.6,3.1,-7.7,-41.3,115.3,-20.7,-28.8,-19.1,-20.5,-26.4,13.2,0.85,198400,54100,0,False,False,False,833998,1003579,972.3,1101.8,1500.7,0.83,0,False,False,False,False,-,85.9,1148.6,-830.7,3398.4,-985.0,True,8,강세,-6,0,-3,-3,67.0,17.6,1527.78,1.48,5.02,-170020.0,-170020.0,-170020.0,10,10,1.0,93.9,87.9,720,00164478,0,0,0,0,,,,,,,,,,,안전,2025,6530.1,-12634.2,151.7,CFS,영업이익(손실),dart_OperatingIncomeLoss,-7482.6,-1188.0,영업활동현금흐름,ifrs-full_CashFlowsFromUsedInOperatingActivities,ok,연간 영업이익 YoY 계산 성공,ok,OCF 추출 성공,2026 Q1,3개월,1808.9,2137.0,-15.4,thstrm_amount,frmtrm_q_amount,CFS,fnlttSinglAcntAll,영업이익(손실),dart_OperatingIncomeLoss,ok,3개월 기준 YoY 계산 성공,피크아웃,-15,-10,밸류트랩의심,-1.15,default,-1,67.9,61.9
282330,BGF리테일,,127100,28.8,32.2,29.1,-14.0,27.7,2.3,-1.5,10.2,-3.6,-4.3,7.3,0.85,147800,99500,5,False,True,False,65449,72675,77.8,84.3,96.6,0.9,3,False,False,True,False,+3%반등,44.7,-2.5,19.4,246.5,-4.4,True,3,강세,-6,0,-3,-3,67.0,17.6,1527.78,1.48,5.02,-170020.0,-170020.0,-170020.0,10,10,1.0,55.7,49.7,282330,01263022,0,0,0,0,,,,,,,,,,,안전,2025,2539.5,2516.4,0.9,CFS,영업이익,dart_OperatingIncomeLoss,7707.9,7687.9,영업활동현금흐름,ifrs-full_CashFlowsFromUsedInOperatingActivities,ok,연간 영업이익 YoY 계산 성공,ok,OCF 추출 성공,2026 Q1,3개월,381.1,226.3,68.4,thstrm_amount,frmtrm_q_amount,CFS,fnlttSinglAcntAll,영업이익,dart_OperatingIncomeLoss,ok,3개월 기준 YoY 계산 성공,관망,0,5,현금창출양호,3.04,default,7,67.7,61.7
000100,유한양행,,72400,27.6,3.8,-23.0,-46.9,1.0,-14.8,-17.5,-26.7,-13.3,-19.7,-32.6,0.86,136400,71700,0,False,False,False,339642,357903,225.6,268.3,300.6,0.95,-30,True,False,False,False,⚠️떨어지는칼날,82.5,-34.5,-46.7,48.0,-147.5,True,0,강세,-6,0,-3,-3,67.0,17.6,1527.78,1.48,5.02,-170020.0,-170020.0,-170020.0,10,10,1.0,52.5,46.5,100,00145109,0,4,0,0,,[20260511] [기재정정]유상증자결정(종속회사의주요경영사항)               (20260511800857) || [20260402] [기재정정]유상증자결정(종속회사의주요경영사항)               (20260402800831) || [20260304] [기재정정]유상증자결정(종속회사의주요경영사항)               (20260304801500),,,,https://dart.fss.or.kr/dsaf001/main.do?rcpNo=20260511800857 || https://dart.fss.or.kr/dsaf001/main.do?rcpNo=20260402800831 || https://dart.fss.or.kr/dsaf001/main.do?rcpNo=20260304801500,,,,20260511800857 || 20260402800831 || 20260304801500,주의,2025,1043.7,548.8,90.2,CFS,영업이익,dart_OperatingIncomeLoss,1062.3,546.0,영업활동으로 인한 현금흐름,ifrs-full_CashFlowsFromUsedInOperatingActivities,ok,연간 영업이익 YoY 계산 성공,ok,OCF 추출 성공,2026 Q1,3개월,88.2,64.2,37.3,thstrm_amount,frmtrm_q_amount,CFS,fnlttSinglAcntAll,영업이익,dart_OperatingIncomeLoss,ok,3개월 기준 YoY 계산 성공,성장지속,10,5,현금창출양호,1.02,default,-1,66.5,60.5
011200,HMM,,18650,33.2,6.4,-20.3,-29.0,0.8,-4.7,-9.2,-12.2,-5.9,-8.1,-10.4,0.82,26250,18500,0,False,False,False,1576256,1664977,257.7,306.3,330.3,0.95,0,False,False,False,False,-,66.4,176.4,-40.2,335.1,-242.8,True,3,강세,-6,0,-3,-3,67.0,17.6,1527.78,1.48,5.02,-170020.0,-170020.0,-170020.0,10,10,1.0,69.4,63.400000000000006,11200,00164645,0,0,0,0,,,,,,,,,,,안전,2025,14612.0,35128.5,-58.4,CFS,영업이익(손실),dart_OperatingIncomeLoss,33051.3,48746.2,영업활동현금흐름,ifrs-full_CashFlowsFromUsedInOperatingActivities,ok,연간 영업이익 YoY 계산 성공,ok,OCF 추출 성공,2026 Q1,3개월,2690.9,6139.0,-56.2,thstrm_amount,frmtrm_q_amount,CFS,fnlttSinglAcntAll,영업이익,dart_OperatingIncomeLoss,ok,3개월 기준 YoY 계산 성공,하락지속,-10,5,현금창출양호,2.26,default,-1,63.4,57.4
051910,LG화학,,321000,33.7,5.5,12.3,-26.6,76.9,-12.5,-24.2,-1.1,-11.9,-10.9,-5.4,0.79,437500,181500,0,False,False,False,426832,442914,1125.5,1494.9,1626.3,0.96,0,False,False,False,False,-,67.3,1151.0,-584.3,250.7,-961.1,True,8,강세,-6,0,-3,-3,67.0,17.6,1527.78,1.48,5.02,-170020.0,-170020.0,-170020.0,10,10,1.0,75.3,69.3,51910,00356361,0,2,0,0,,[20260225] [기재정정]유상증자결정(종속회사의주요경영사항)               (20260225801777) || [20250828] [기재정정]유상증자결정(종속회사의주요경영사항)               (20250828800490),,,,https://dart.fss.or.kr/dsaf001/main.do?rcpNo=20260225801777 || https://dart.fss.or.kr/dsaf001/main.do?rcpNo=20250828800490,,,,20260225801777 || 20250828800490,주의,2025,11809.0,8749.3,35.0,CFS,영업이익(손실),dart_OperatingIncomeLoss,82338.6,70123.4,영업활동현금흐름,ifrs-full_CashFlowsFromUsedInOperatingActivities,ok,연간 영업이익 YoY 계산 성공,ok,OCF 추출 성공,2026 Q1,3개월,-496.9,4376.7,-111.4,thstrm_amount,frmtrm_q_amount,CFS,fnlttSinglAcntAll,영업이익(손실),dart_OperatingIncomeLoss,ok,3개월 기준 YoY 계산 성공,피크아웃,-15,5,현금창출양호,6.97,default,-3,62.3,56.3
271560,오리온,,128000,30.2,18.7,10.6,-14.7,29.3,-1.2,-8.0,3.1,-5.4,-5.5,9.0,0.85,150100,99000,10,False,True,True,112597,112430,122.5,146.2,151.9,1.0,0,False,False,False,False,-,58.2,140.0,-90.5,517.4,-343.0,True,3,강세,-6,0,-3,-3,67.0,17.6,1527.78,1.48,5.02,-170020.0,-170020.0,-170020.0,10,10,1.0,71.2,65.2,271560,01238169,0,0,0,0,,,,,,,,,,,안전,2025,-54.9,-289.5,81.0,CFS,순기타수익(비용),dart_NonOperatingProfitLoss,5373.3,6515.9,영업활동현금흐름,ifrs-full_CashFlowsFromUsedInOperatingActivities,ok,연간 영업이익 YoY 계산 성공,ok,OCF 추출 성공,2026 Q1,3개월,-6.7,12.1,-155.3,thstrm_amount,frmtrm_q_amount,CFS,fnlttSinglAcntAll,순기타수익(비용),dart_NonOperatingProfitLoss,ok,3개월 기준 YoY 계산 성공,피크아웃,-15,0,회계손실현금유입,,default,4,60.2,54.2
000270,기아,,151400,38.0,13.8,3.3,-28.8,75.6,-10.5,-2.1,-9.0,-8.6,-4.6,11.5,0.69,212500,86200,0,False,False,False,1406958,1889421,1976.5,2303.4,3146.2,0.74,0,False,False,False,False,-,53.3,128.3,32.9,-350.6,1086.5,True,10,강세,-6,0,-3,-3,67.0,17.6,1527.78,1.48,5.02,-170020.0,-170020.0,-170020.0,10,10,1.0,63.3,57.3,270,00106641,0,0,0,0,,,,,,,,,,,안전,2025,90781.5,126671.4,-28.3,CFS,영업이익,dart_OperatingIncomeLoss,90541.4,125643.7,영업활동현금흐름,ifrs-full_CashFlowsFromUsedInOperatingActivities,ok,연간 영업이익 YoY 계산 성공,ok,OCF 추출 성공,2026 Q1,3개월,22050.9,30085.9,-26.7,thstrm_amount,frmtrm_q_amount,CFS,fnlttSinglAcntAll,영업이익,dart_OperatingIncomeLoss,ok,3개월 기준 YoY 계산 성공,하락지속,-10,5,현금창출양호,1.0,default,-3,55.3,49.3
010060,OCI홀딩스,,263000,45.4,7.9,5.3,-36.5,308.4,-24.7,-22.1,100.3,-18.4,-8.0,66.7,0.53,414000,64400,0,False,False,False,259311,409056,570.2,809.9,1346.2,0.63,0,False,False,False,False,-,55.4,340.5,-325.9,219.1,910.7,True,8,강세,-6,0,-3,-3,67.0,17.6,1527.78,1.48,5.02,-170020.0,-170020.0,-170020.0,10,10,1.0,63.4,57.4,10060,00148896,0,0,0,0,,,,,,,,,,,안전,2025,-576.3,1015.3,-156.8,CFS,영업이익,dart_OperatingIncomeLoss,5538.8,1163.9,영업활동으로 인한 현금흐름,ifrs-full_CashFlowsFromUsedInOperatingActivities,ok,연간 영업이익 YoY 계산 성공,ok,OCF 추출 성공,2026 Q1,3개월,108.6,487.1,-77.7,thstrm_amount,frmtrm_q_amount,CFS,fnlttSinglAcntAll,영업이익,dart_OperatingIncomeLoss,ok,3개월 기준 YoY 계산 성공,하락지속,-10,0,회계손실현금유입,,default,-3,50.4,44.4
373220,LG에너지솔루션,,388500,43.3,5.6,19.1,-26.3,44.7,-15.2,-19.4,4.6,-8.3,-9.3,-4.5,0.67,527000,268500,0,False,False,False,770195,619102,1641.6,3327.5,2676.9,1.24,0,False,False,False,False,-,47.6,980.2,74.0,2234.2,-741.2,True,15,강세,-6,0,-3,-3,67.0,17.6,1527.78,1.48,5.02,-170020.0,-170020.0,-170020.0,10,10,1.0,62.6,56.6,373220,01515323,0,2,0,0,,[20260225] [기재정정]유상증자결정(종속회사의주요경영사항)               (20260225800568) || [20250828] [기재정정]유상증자결정(종속회사의주요경영사항)               (20250828800452),,,,https://dart.fss.or.kr/dsaf001/main.do?rcpNo=20260225800568 || https://dart.fss.or.kr/dsaf001/main.do?rcpNo=20250828800452,,,,20260225800568 || 20250828800452,주의,2025,13461.2,5753.9,134.0,CFS,영업이익,dart_OperatingIncomeLoss,44322.8,51117.0,영업활동현금흐름,ifrs-full_CashFlowsFromUsedInOperatingActivities,ok,연간 영업이익 YoY 계산 성공,ok,OCF 추출 성공,2026 Q1,3개월,-2077.6,3746.7,-155.4,thstrm_amount,frmtrm_q_amount,CFS,fnlttSinglAcntAll,영업이익(손실),dart_OperatingIncomeLoss,ok,3개월 기준 YoY 계산 성공,피크아웃,-15,5,현금창출양호,3.29,default,-3,49.6,43.6
